Window,InnerIter,TestSiteID,Time,X,Y,Actual,ClassicPrediction,Robust1Prediction,Robust2Prediction
1,1,2,1,53.52326,10.02123,21.75696,24.0108653796994,24.0078507247096,24.0407003865998
1,1,2,2,53.52326,10.02123,19.88708,22.691226971598,22.6901901582465,22.7019417726262
1,1,2,3,53.52326,10.02123,9.373292,10.4426518992124,10.443711708601,10.4361984192089
1,1,2,5,53.52326,10.02123,2.961458,2.79005003695434,2.79224860625135,2.77052814767421
1,1,2,6,53.52326,10.02123,3.188417,3.50705163636746,3.50958514421532,3.48486207403158
1,1,2,7,53.52326,10.02123,5.038833,4.27455079443408,4.27701537276852,4.25355412515401
1,1,2,8,53.52326,10.02123,6.965167,7.59556841981404,7.59770779393455,7.57742750995897
1,1,2,9,53.52326,10.02123,8.668417,10.2437106153852,10.2462185959932,10.2231315390596
1,1,2,10,53.52326,10.02123,12.11704,13.1447426944767,13.1488719932298,13.1107488811298
1,1,2,15,53.52326,10.02123,7.32525,7.88866107749946,7.88719072136706,7.90339244813052
1,1,2,16,53.52326,10.02123,10.45221,11.2004759524681,11.1965327031056,11.2390578393899
1,1,2,17,53.52326,10.02123,19.92563,21.5675770883969,21.5623586761218,21.6167312511591
1,1,2,18,53.52326,10.02123,11.69975,13.0317905085595,13.0306262787035,13.0443738928837
1,1,2,19,53.52326,10.02123,5.904,6.92240137678434,6.92433401323458,6.90619094375052
1,1,2,20,53.52326,10.02123,6.331167,5.199295825619,5.20104130578707,5.18416085981698
1,1,2,23,53.52326,10.02123,14.712,16.001639727207,15.9998371859303,16.0193480762074
1,1,2,24,53.52326,10.02123,14.65913,16.2418547588015,16.2401162950291,16.2601418755682
1,1,2,25,53.52326,10.02123,12.33775,12.819464340894,12.8176462100525,12.838729277282
1,1,2,28,53.52326,10.02123,7.112042,7.25664318870037,7.25600266958131,7.26433892768392
1,1,2,29,53.52326,10.02123,5.335417,5.51156372998412,5.51137852515018,5.51607782586501
1,1,2,30,53.52326,10.02123,12.46821,13.1911387552564,13.1903829924911,13.1989150188435
1,2,2,1,53.52326,10.02123,21.75696,24.010863970586,24.0078495280129,24.0406989813486
1,2,2,2,53.52326,10.02123,19.88708,22.691227909885,22.69019115266,22.7019433704444
1,2,2,3,53.52326,10.02123,9.373292,10.4426553439557,10.443715048005,10.4362027150692
1,2,2,5,53.52326,10.02123,2.961458,2.79004963386319,2.79224800793665,2.77052846288709
1,2,2,6,53.52326,10.02123,3.188417,3.50705614136606,3.50958941887745,3.4848674077314
1,2,2,7,53.52326,10.02123,5.038833,4.27454949007819,4.27701383922519,4.2535536709027
1,2,2,8,53.52326,10.02123,6.965167,7.59556591278394,7.59770508280164,7.57742585617322
1,2,2,9,53.52326,10.02123,8.668417,10.2437091156883,10.2462168563562,10.223131077937
1,2,2,10,53.52326,10.02123,12.11704,13.1447420366642,13.1488709440884,13.1107498545234
1,2,2,15,53.52326,10.02123,7.32525,7.88866233583242,7.88719209841535,7.90339377029856
1,2,2,16,53.52326,10.02123,10.45221,11.2004798084775,11.1965368831637,11.2390613063816
1,2,2,17,53.52326,10.02123,19.92563,21.5675809567181,21.5623629750521,21.6167343488686
1,2,2,18,53.52326,10.02123,11.69975,13.0317931469491,13.0306289890118,13.0443769255812
1,2,2,19,53.52326,10.02123,5.904,6.92239731330358,6.92432975384068,6.9061878122674
1,2,2,20,53.52326,10.02123,6.331167,5.19929220218327,5.20103751224767,5.18415786463339
1,2,2,23,53.52326,10.02123,14.712,16.0016438804376,15.999841489493,16.0193523845907
1,2,2,24,53.52326,10.02123,14.65913,16.2418580113171,16.2401196829409,16.2601453603822
1,2,2,25,53.52326,10.02123,12.33775,12.8194682056865,12.8176502254032,12.8387334028474
1,2,2,28,53.52326,10.02123,7.112042,7.25664469966938,7.25600423625463,7.26434068940611
1,2,2,29,53.52326,10.02123,5.335417,5.5115670778427,5.51138188661091,5.51608151563715
1,2,2,30,53.52326,10.02123,12.46821,13.1911386540646,13.1903829541336,13.1989151618542
1,3,2,1,53.52326,10.02123,21.75696,24.0108630778469,24.0078486757974,24.0406976020223
1,3,2,2,53.52326,10.02123,19.88708,22.6912267923199,22.6901900634189,22.7019417586951
1,3,2,3,53.52326,10.02123,9.373292,10.4426545844153,10.4437142777588,10.4362016299337
1,3,2,5,53.52326,10.02123,2.961458,2.79004944804151,2.79224779961831,2.77052825056413
1,3,2,6,53.52326,10.02123,3.188417,3.50705608674585,3.50958933556484,3.48486732961717
1,3,2,7,53.52326,10.02123,5.038833,4.27454921519461,4.27701353428455,4.25355334081851
1,3,2,8,53.52326,10.02123,6.965167,7.59556548993572,7.5977046367168,7.57742532065186
1,3,2,9,53.52326,10.02123,8.668417,10.2437085482592,10.2462162607666,10.2231303358757
1,3,2,10,53.52326,10.02123,12.11704,13.1447411376535,13.1488699932386,13.1107487389783
1,3,2,15,53.52326,10.02123,7.32525,7.88866190468951,7.88719169024023,7.90339305169192
1,3,2,16,53.52326,10.02123,10.45221,11.2004790818952,11.1965362031409,11.2390601232936
1,3,2,17,53.52326,10.02123,19.92563,21.5675801410121,21.562362230559,21.616733043467
1,3,2,18,53.52326,10.02123,11.69975,13.0317926571426,13.0306285172453,13.0443760593418
1,3,2,19,53.52326,10.02123,5.904,6.92239705717407,6.92432947717688,6.90618740644157
1,3,2,20,53.52326,10.02123,6.331167,5.19929230368527,5.20103759459363,5.18415792010637
1,3,2,23,53.52326,10.02123,14.712,16.0016430963126,15.9998407391151,16.0193511909823
1,3,2,24,53.52326,10.02123,14.65913,16.2418571741553,16.2401188741359,16.2601440751754
1,3,2,25,53.52326,10.02123,12.33775,12.8194674339622,12.8176494809065,12.8387321462729
1,3,2,28,53.52326,10.02123,7.112042,7.25664423796218,7.25600378636264,7.26433994072323
1,3,2,29,53.52326,10.02123,5.335417,5.51156651849624,5.5113813275658,5.51608068814909
1,3,2,30,53.52326,10.02123,12.46821,13.1911381843166,13.1903825003714,13.1989144213066
1,4,2,1,53.52326,10.02123,21.75696,24.0108629234954,24.007848578076,24.0406972522156
1,4,2,2,53.52326,10.02123,19.88708,22.6912265875561,22.6901898801506,22.7019414010667
1,4,2,3,53.52326,10.02123,9.373292,10.4426544381598,10.4437141617965,10.4362014106742
1,4,2,5,53.52326,10.02123,2.961458,2.79004940486314,2.79224773842063,2.77052823413899
1,4,2,6,53.52326,10.02123,3.188417,3.50705606494947,3.50958929731263,3.48486733635431
1,4,2,7,53.52326,10.02123,5.038833,4.27454915691465,4.27701346897379,4.25355329739978
1,4,2,8,53.52326,10.02123,6.965167,7.59556541273477,7.59770455322416,7.57742523762496
1,4,2,9,53.52326,10.02123,8.668417,10.2437084384372,10.2462161521175,10.2231302075767
1,4,2,10,53.52326,10.02123,12.11704,13.1447409613731,13.1488698194092,13.1107485487922
1,4,2,15,53.52326,10.02123,7.32525,7.88866183029005,7.88719164847541,7.90339288135154
1,4,2,16,53.52326,10.02123,10.45221,11.2004789630714,11.1965361645974,11.2390598161819
1,4,2,17,53.52326,10.02123,19.92563,21.5675800048765,21.5623621602458,21.6167326970082
1,4,2,18,53.52326,10.02123,11.69975,13.0317925664721,13.0306284662019,13.0443758403691
1,4,2,19,53.52326,10.02123,5.904,6.92239700824453,6.92432942749087,6.90618733663871
1,4,2,20,53.52326,10.02123,6.331167,5.19929232454865,5.20103760557512,5.18415794800799
1,4,2,23,53.52326,10.02123,14.712,16.0016429504231,15.9998406229687,16.0193509144676
1,4,2,24,53.52326,10.02123,14.65913,16.2418570238495,16.2401187698032,16.260143780033
1,4,2,25,53.52326,10.02123,12.33775,12.8194672865054,12.8176493906158,12.8387318400746
1,4,2,28,53.52326,10.02123,7.112042,7.25664415692478,7.2560037366473,7.26433977746004
1,4,2,29,53.52326,10.02123,5.335417,5.5115664176372,5.51138126805719,5.5160805127399
1,4,2,30,53.52326,10.02123,12.46821,13.1911381025385,13.1903824322427,13.1989142566927
2,1,2,31,53.52326,10.02123,18.8555,21.0079208162111,21.3561436591006,21.07857650728
2,1,2,32,53.52326,10.02123,20.443,23.2015908446993,23.3339801908947,23.1709791949266
2,1,2,33,53.52326,10.02123,33.64938,37.7633425875667,38.755063366896,37.8438100708756
2,1,2,34,53.52326,10.02123,15.99425,15.814193427862,15.5596000613223,15.5870606512936
2,1,2,35,53.52326,10.02123,5.430625,4.71155585768889,4.52094320110618,4.54363913457834
2,1,2,36,53.52326,10.02123,10.94679,11.3350665288873,11.8600798430381,11.3368868251812
2,1,2,37,53.52326,10.02123,3.969417,4.24623734711589,4.17384872569849,4.15011697374737
2,1,2,38,53.52326,10.02123,3.260583,4.42601178260171,4.50646782100316,4.40409445028391
2,1,2,40,53.52326,10.02123,6.735917,6.92205681353741,7.09276334856607,6.93000457244091
2,1,2,41,53.52326,10.02123,3.302583,4.83233119123231,4.72682389249145,4.77501670001115
2,1,2,42,53.52326,10.02123,7.703292,7.75492344799676,7.65800059677763,7.74606829858693
2,1,2,44,53.52326,10.02123,23.77746,26.1636353714868,26.8692931325031,26.4525695341431
2,1,2,45,53.52326,10.02123,23.65012,24.6452065307792,26.1749517605022,25.1217820637404
2,1,2,46,53.52326,10.02123,18.81546,16.3253387967146,16.5723140013046,16.339787541509
2,1,2,47,53.52326,10.02123,21.19667,24.5772942222608,23.6847367181938,24.0155406586977
2,1,2,48,53.52326,10.02123,11.3355,13.155606453411,12.8466927430667,12.7947251459396
2,1,2,49,53.52326,10.02123,8.041083,6.31371212217618,7.1676771292598,6.39988467440287
2,1,2,50,53.52326,10.02123,7.993333,10.4621362780789,10.7681050482725,10.4410337217217
2,1,2,51,53.52326,10.02123,9.956458,9.37671637844818,8.98792834718884,9.29661373855811
2,1,2,52,53.52326,10.02123,14.25142,17.1841104765496,17.1753074905948,17.2545060896421
2,1,2,53,53.52326,10.02123,15.03854,18.7812340351401,18.9732453788227,19.0195967942028
2,1,2,54,53.52326,10.02123,16.76538,22.5470388148202,23.2067789161724,22.9858972975128
2,1,2,56,53.52326,10.02123,17.35567,18.3895677366056,18.8597501998841,18.5967073464829
2,1,2,57,53.52326,10.02123,8.870125,9.11420208554944,9.19922586762078,9.09674349152783
2,1,2,58,53.52326,10.02123,6.459833,6.40689801782514,6.18571071147795,6.21972402918558
2,1,2,59,53.52326,10.02123,8.645667,9.60038623842286,9.26366031636101,9.29602042554035
2,1,2,60,53.52326,10.02123,16.32871,16.1409110529966,16.5414622694938,16.0308162695265
2,2,2,31,53.52326,10.02123,18.8555,21.0079210048133,21.3488037114313,21.0785671678396
2,2,2,32,53.52326,10.02123,20.443,23.2015907812466,23.2532931563961,23.1709703885621
2,2,2,33,53.52326,10.02123,33.64938,37.7633429290648,38.6746818748886,37.8437920456891
2,2,2,34,53.52326,10.02123,15.99425,15.8141928068733,15.559093248371,15.5870554253643
2,2,2,35,53.52326,10.02123,5.430625,4.71155540338961,4.44583568350669,4.54363765978374
2,2,2,36,53.52326,10.02123,10.94679,11.3350666070412,11.694306307778,11.3368803845769
2,2,2,37,53.52326,10.02123,3.969417,4.24623708819055,4.10016822631432,4.15011552307942
2,2,2,38,53.52326,10.02123,3.260583,4.42601172626347,4.48403094041225,4.40409229196756
2,2,2,40,53.52326,10.02123,6.735917,6.92205683734592,7.07435220346116,6.93000123906577
2,2,2,41,53.52326,10.02123,3.302583,4.83233101612582,4.72815041781726,4.7750149660167
2,2,2,42,53.52326,10.02123,7.703292,7.75492339405626,7.82782940201393,7.74606466272789
2,2,2,44,53.52326,10.02123,23.77746,26.1636361566525,26.9282899410446,26.4525577466229
2,2,2,45,53.52326,10.02123,23.65012,24.6452079327841,25.7359736117542,25.121769307506
2,2,2,46,53.52326,10.02123,18.81546,16.3253389061215,16.4190663600134,16.339780786226
2,2,2,47,53.52326,10.02123,21.19667,24.5772926639968,24.1270334356133,24.0155328195336
2,2,2,48,53.52326,10.02123,11.3355,13.155605531881,12.8211901160299,12.7947207642636
2,2,2,49,53.52326,10.02123,8.041083,6.31371250902785,6.6554376147123,6.39988044886869
2,2,2,50,53.52326,10.02123,7.993333,10.4621362530636,10.6601499011788,10.4410293186807
2,2,2,51,53.52326,10.02123,9.956458,9.37671610393184,9.17306623527833,9.29661073707118
2,2,2,52,53.52326,10.02123,14.25142,17.1841106175129,17.4223618593262,17.2544990581931
2,2,2,53,53.52326,10.02123,15.03854,18.7812346399495,19.113143939383,19.0195898820318
2,2,2,54,53.52326,10.02123,16.76538,22.5470400042321,23.4004261272327,22.9858870273915
2,2,2,56,53.52326,10.02123,17.35567,18.3895682955071,18.9534120067754,18.59669829318
2,2,2,57,53.52326,10.02123,8.870125,9.11420204029366,9.12019170582403,9.09673944792647
2,2,2,58,53.52326,10.02123,6.459833,6.40689751553185,6.2255318394154,6.21972092508648
2,2,2,59,53.52326,10.02123,8.645667,9.60038541707678,9.2708192033007,9.29601643486657
2,2,2,60,53.52326,10.02123,16.32871,16.1409108195595,16.3510932630096,16.0308077320443
2,3,2,31,53.52326,10.02123,18.8555,21.0079210048133,21.3488037114313,21.0785671678396
2,3,2,32,53.52326,10.02123,20.443,23.2015907812466,23.2532931563961,23.1709703885621
2,3,2,33,53.52326,10.02123,33.64938,37.7633429290648,38.6746818748886,37.8437920456891
2,3,2,34,53.52326,10.02123,15.99425,15.8141928068733,15.559093248371,15.5870554253643
2,3,2,35,53.52326,10.02123,5.430625,4.71155540338961,4.44583568350669,4.54363765978374
2,3,2,36,53.52326,10.02123,10.94679,11.3350666070412,11.694306307778,11.3368803845769
2,3,2,37,53.52326,10.02123,3.969417,4.24623708819055,4.10016822631432,4.15011552307942
2,3,2,38,53.52326,10.02123,3.260583,4.42601172626347,4.48403094041225,4.40409229196756
2,3,2,40,53.52326,10.02123,6.735917,6.92205683734592,7.07435220346116,6.93000123906577
2,3,2,41,53.52326,10.02123,3.302583,4.83233101612582,4.72815041781726,4.7750149660167
2,3,2,42,53.52326,10.02123,7.703292,7.75492339405626,7.82782940201393,7.74606466272789
2,3,2,44,53.52326,10.02123,23.77746,26.1636361566525,26.9282899410446,26.4525577466229
2,3,2,45,53.52326,10.02123,23.65012,24.6452079327841,25.7359736117542,25.121769307506
2,3,2,46,53.52326,10.02123,18.81546,16.3253389061215,16.4190663600134,16.339780786226
2,3,2,47,53.52326,10.02123,21.19667,24.5772926639968,24.1270334356133,24.0155328195336
2,3,2,48,53.52326,10.02123,11.3355,13.155605531881,12.8211901160299,12.7947207642636
2,3,2,49,53.52326,10.02123,8.041083,6.31371250902785,6.6554376147123,6.39988044886869
2,3,2,50,53.52326,10.02123,7.993333,10.4621362530636,10.6601499011788,10.4410293186807
2,3,2,51,53.52326,10.02123,9.956458,9.37671610393184,9.17306623527833,9.29661073707118
2,3,2,52,53.52326,10.02123,14.25142,17.1841106175129,17.4223618593262,17.2544990581931
2,3,2,53,53.52326,10.02123,15.03854,18.7812346399495,19.113143939383,19.0195898820318
2,3,2,54,53.52326,10.02123,16.76538,22.5470400042321,23.4004261272327,22.9858870273915
2,3,2,56,53.52326,10.02123,17.35567,18.3895682955071,18.9534120067754,18.59669829318
2,3,2,57,53.52326,10.02123,8.870125,9.11420204029366,9.12019170582403,9.09673944792647
2,3,2,58,53.52326,10.02123,6.459833,6.40689751553185,6.2255318394154,6.21972092508648
2,3,2,59,53.52326,10.02123,8.645667,9.60038541707678,9.2708192033007,9.29601643486657
2,3,2,60,53.52326,10.02123,16.32871,16.1409108195595,16.3510932630096,16.0308077320443
2,4,2,31,53.52326,10.02123,18.8555,21.0079210048133,21.3488037114313,21.0785671678396
2,4,2,32,53.52326,10.02123,20.443,23.2015907812466,23.2532931563961,23.1709703885621
2,4,2,33,53.52326,10.02123,33.64938,37.7633429290648,38.6746818748886,37.8437920456891
2,4,2,34,53.52326,10.02123,15.99425,15.8141928068733,15.559093248371,15.5870554253643
2,4,2,35,53.52326,10.02123,5.430625,4.71155540338961,4.44583568350669,4.54363765978374
2,4,2,36,53.52326,10.02123,10.94679,11.3350666070412,11.694306307778,11.3368803845769
2,4,2,37,53.52326,10.02123,3.969417,4.24623708819055,4.10016822631432,4.15011552307942
2,4,2,38,53.52326,10.02123,3.260583,4.42601172626347,4.48403094041225,4.40409229196756
2,4,2,40,53.52326,10.02123,6.735917,6.92205683734592,7.07435220346116,6.93000123906577
2,4,2,41,53.52326,10.02123,3.302583,4.83233101612582,4.72815041781726,4.7750149660167
2,4,2,42,53.52326,10.02123,7.703292,7.75492339405626,7.82782940201393,7.74606466272789
2,4,2,44,53.52326,10.02123,23.77746,26.1636361566525,26.9282899410446,26.4525577466229
2,4,2,45,53.52326,10.02123,23.65012,24.6452079327841,25.7359736117542,25.121769307506
2,4,2,46,53.52326,10.02123,18.81546,16.3253389061215,16.4190663600134,16.339780786226
2,4,2,47,53.52326,10.02123,21.19667,24.5772926639968,24.1270334356133,24.0155328195336
2,4,2,48,53.52326,10.02123,11.3355,13.155605531881,12.8211901160299,12.7947207642636
2,4,2,49,53.52326,10.02123,8.041083,6.31371250902785,6.6554376147123,6.39988044886869
2,4,2,50,53.52326,10.02123,7.993333,10.4621362530636,10.6601499011788,10.4410293186807
2,4,2,51,53.52326,10.02123,9.956458,9.37671610393184,9.17306623527833,9.29661073707118
2,4,2,52,53.52326,10.02123,14.25142,17.1841106175129,17.4223618593262,17.2544990581931
2,4,2,53,53.52326,10.02123,15.03854,18.7812346399495,19.113143939383,19.0195898820318
2,4,2,54,53.52326,10.02123,16.76538,22.5470400042321,23.4004261272327,22.9858870273915
2,4,2,56,53.52326,10.02123,17.35567,18.3895682955071,18.9534120067754,18.59669829318
2,4,2,57,53.52326,10.02123,8.870125,9.11420204029366,9.12019170582403,9.09673944792647
2,4,2,58,53.52326,10.02123,6.459833,6.40689751553185,6.2255318394154,6.21972092508648
2,4,2,59,53.52326,10.02123,8.645667,9.60038541707678,9.2708192033007,9.29601643486657
2,4,2,60,53.52326,10.02123,16.32871,16.1409108195595,16.3510932630096,16.0308077320443
3,1,2,61,53.52326,10.02123,18.67796,18.155965890554,18.1559658903198,18.1559616263664
3,1,2,62,53.52326,10.02123,24.97537,27.2415948037446,27.2415948041537,27.2415921827678
3,1,2,63,53.52326,10.02123,9.286167,9.37659026834675,9.37659026830636,9.3765892965024
3,1,2,64,53.52326,10.02123,4.33425,4.82161026414039,4.82161026406121,4.82161079007108
3,1,2,65,53.52326,10.02123,5.050042,5.6831930438089,5.68319304364183,5.68319376141764
3,1,2,66,53.52326,10.02123,7.3395,6.70200998352806,6.70200998336722,6.7020102109459
3,1,2,67,53.52326,10.02123,6.013917,6.12882074391481,6.12882074359828,6.12882275234652
3,1,2,68,53.52326,10.02123,12.24587,12.4064743200598,12.4064743197291,12.4064786617203
3,1,2,69,53.52326,10.02123,17.80717,19.8190152570812,19.8190152570031,19.8190193426486
3,1,2,73,53.52326,10.02123,4.287458,3.74948751795071,3.74948751796393,3.74948652325818
3,1,2,74,53.52326,10.02123,4.871292,3.98386001876838,3.98386001878899,3.98385874413384
3,1,2,76,53.52326,10.02123,7.547958,8.29679824388893,8.29679824354993,8.29679955374931
3,1,2,77,53.52326,10.02123,11.00821,12.8528648077588,12.8528648072127,12.8528662355763
3,1,2,78,53.52326,10.02123,6.0845,5.9582760619881,5.95827606183276,5.95827629503928
3,1,2,79,53.52326,10.02123,5.693792,7.29102265115808,7.29102265100018,7.29102273755412
3,1,2,81,53.52326,10.02123,5.756875,6.4704431083015,6.47044310821239,6.47044205273195
3,1,2,82,53.52326,10.02123,11.155,14.4267837738365,14.4267837736795,14.4267819034337
3,1,2,83,53.52326,10.02123,35.32533,40.1375667127286,40.1375667125857,40.13756608522
3,1,2,84,53.52326,10.02123,23.60842,27.2375148610852,27.2375148611485,27.237515083517
3,1,2,85,53.52326,10.02123,18.45775,22.4732702427298,22.4732702425976,22.4732710034186
3,1,2,86,53.52326,10.02123,5.412458,7.03308530098474,7.03308530089696,7.03308601786567
3,1,2,87,53.52326,10.02123,6.380208,8.28551602373742,8.28551602376655,8.28551592746619
3,1,2,88,53.52326,10.02123,9.511333,10.7640238702267,10.764023870294,10.7640223409554
3,1,2,89,53.52326,10.02123,14.60283,15.3715182044825,15.3715182041234,15.3715197926553
3,1,2,90,53.52326,10.02123,21.96017,25.8743849942729,25.874384994204,25.8743892959844
3,2,2,61,53.52326,10.02123,18.67796,18.1559658900091,18.1559658898023,18.1559615835982
3,2,2,62,53.52326,10.02123,24.97537,27.2415948111396,27.2415948115706,27.2415921633811
3,2,2,63,53.52326,10.02123,9.286167,9.3765902782437,9.37659027821104,9.37658929629018
3,2,2,64,53.52326,10.02123,4.33425,4.82161026844177,4.82161026835601,4.82161079920236
3,2,2,65,53.52326,10.02123,5.050042,5.68319304944981,5.68319304928591,5.68319377365959
3,2,2,66,53.52326,10.02123,7.3395,6.70200998585244,6.70200998569192,6.70201021511481
3,2,2,67,53.52326,10.02123,6.013917,6.12882075333942,6.12882075300266,6.1288227808117
3,2,2,68,53.52326,10.02123,12.24587,12.4064743387099,12.4064743383547,12.4064787214911
3,2,2,69,53.52326,10.02123,17.80717,19.8190152761532,19.8190152760433,19.8190194000639
3,2,2,73,53.52326,10.02123,4.287458,3.74948751864684,3.74948751866663,3.74948651413536
3,2,2,74,53.52326,10.02123,4.871292,3.98386001860084,3.98386001863005,3.98385873145196
3,2,2,76,53.52326,10.02123,7.547958,8.29679825139345,8.29679825103116,8.29679957346931
3,2,2,77,53.52326,10.02123,11.00821,12.8528648141194,12.8528648135632,12.8528662552586
3,2,2,78,53.52326,10.02123,6.0845,5.95827606771951,5.95827606755561,5.95827630256026
3,2,2,79,53.52326,10.02123,5.693792,7.29102265407649,7.29102265392267,7.29102274098377
3,2,2,81,53.52326,10.02123,5.756875,6.47044310986759,6.47044310977171,6.47044204381261
3,2,2,82,53.52326,10.02123,11.155,14.4267837857089,14.4267837855997,14.4267818961075
3,2,2,83,53.52326,10.02123,35.32533,40.1375667280537,40.137566727906,40.1375660925791
3,2,2,84,53.52326,10.02123,23.60842,27.2375148860328,27.2375148860726,27.2375151087447
3,2,2,85,53.52326,10.02123,18.45775,22.4732702560245,22.4732702559064,22.4732710229078
3,2,2,86,53.52326,10.02123,5.412458,7.03308531194583,7.03308531185569,7.03308603512177
3,2,2,87,53.52326,10.02123,6.380208,8.28551603036222,8.28551603038463,8.28551593272013
3,2,2,88,53.52326,10.02123,9.511333,10.7640238724167,10.7640238724998,10.7640223276752
3,2,2,89,53.52326,10.02123,14.60283,15.3715182214098,15.3715182210645,15.371519823979
3,2,2,90,53.52326,10.02123,21.96017,25.8743850175958,25.874385017488,25.8743893593119
3,3,2,61,53.52326,10.02123,18.67796,18.1559658900091,18.1559658898023,18.1559615835982
3,3,2,62,53.52326,10.02123,24.97537,27.2415948111396,27.2415948115706,27.2415921633811
3,3,2,63,53.52326,10.02123,9.286167,9.3765902782437,9.37659027821104,9.37658929629018
3,3,2,64,53.52326,10.02123,4.33425,4.82161026844177,4.82161026835601,4.82161079920236
3,3,2,65,53.52326,10.02123,5.050042,5.68319304944981,5.68319304928591,5.68319377365959
3,3,2,66,53.52326,10.02123,7.3395,6.70200998585244,6.70200998569192,6.70201021511481
3,3,2,67,53.52326,10.02123,6.013917,6.12882075333942,6.12882075300266,6.1288227808117
3,3,2,68,53.52326,10.02123,12.24587,12.4064743387099,12.4064743383547,12.4064787214911
3,3,2,69,53.52326,10.02123,17.80717,19.8190152761532,19.8190152760433,19.8190194000639
3,3,2,73,53.52326,10.02123,4.287458,3.74948751864684,3.74948751866663,3.74948651413536
3,3,2,74,53.52326,10.02123,4.871292,3.98386001860084,3.98386001863005,3.98385873145196
3,3,2,76,53.52326,10.02123,7.547958,8.29679825139345,8.29679825103116,8.29679957346931
3,3,2,77,53.52326,10.02123,11.00821,12.8528648141194,12.8528648135632,12.8528662552586
3,3,2,78,53.52326,10.02123,6.0845,5.95827606771951,5.95827606755561,5.95827630256026
3,3,2,79,53.52326,10.02123,5.693792,7.29102265407649,7.29102265392267,7.29102274098377
3,3,2,81,53.52326,10.02123,5.756875,6.47044310986759,6.47044310977171,6.47044204381261
3,3,2,82,53.52326,10.02123,11.155,14.4267837857089,14.4267837855997,14.4267818961075
3,3,2,83,53.52326,10.02123,35.32533,40.1375667280537,40.137566727906,40.1375660925791
3,3,2,84,53.52326,10.02123,23.60842,27.2375148860328,27.2375148860726,27.2375151087447
3,3,2,85,53.52326,10.02123,18.45775,22.4732702560245,22.4732702559064,22.4732710229078
3,3,2,86,53.52326,10.02123,5.412458,7.03308531194583,7.03308531185569,7.03308603512177
3,3,2,87,53.52326,10.02123,6.380208,8.28551603036222,8.28551603038463,8.28551593272013
3,3,2,88,53.52326,10.02123,9.511333,10.7640238724167,10.7640238724998,10.7640223276752
3,3,2,89,53.52326,10.02123,14.60283,15.3715182214098,15.3715182210645,15.371519823979
3,3,2,90,53.52326,10.02123,21.96017,25.8743850175958,25.874385017488,25.8743893593119
3,4,2,61,53.52326,10.02123,18.67796,18.1559658900091,18.1559658898023,18.1559615835982
3,4,2,62,53.52326,10.02123,24.97537,27.2415948111396,27.2415948115706,27.2415921633811
3,4,2,63,53.52326,10.02123,9.286167,9.3765902782437,9.37659027821104,9.37658929629018
3,4,2,64,53.52326,10.02123,4.33425,4.82161026844177,4.82161026835601,4.82161079920236
3,4,2,65,53.52326,10.02123,5.050042,5.68319304944981,5.68319304928591,5.68319377365959
3,4,2,66,53.52326,10.02123,7.3395,6.70200998585244,6.70200998569192,6.70201021511481
3,4,2,67,53.52326,10.02123,6.013917,6.12882075333942,6.12882075300266,6.1288227808117
3,4,2,68,53.52326,10.02123,12.24587,12.4064743387099,12.4064743383547,12.4064787214911
3,4,2,69,53.52326,10.02123,17.80717,19.8190152761532,19.8190152760433,19.8190194000639
3,4,2,73,53.52326,10.02123,4.287458,3.74948751864684,3.74948751866663,3.74948651413536
3,4,2,74,53.52326,10.02123,4.871292,3.98386001860084,3.98386001863005,3.98385873145196
3,4,2,76,53.52326,10.02123,7.547958,8.29679825139345,8.29679825103116,8.29679957346931
3,4,2,77,53.52326,10.02123,11.00821,12.8528648141194,12.8528648135632,12.8528662552586
3,4,2,78,53.52326,10.02123,6.0845,5.95827606771951,5.95827606755561,5.95827630256026
3,4,2,79,53.52326,10.02123,5.693792,7.29102265407649,7.29102265392267,7.29102274098377
3,4,2,81,53.52326,10.02123,5.756875,6.47044310986759,6.47044310977171,6.47044204381261
3,4,2,82,53.52326,10.02123,11.155,14.4267837857089,14.4267837855997,14.4267818961075
3,4,2,83,53.52326,10.02123,35.32533,40.1375667280537,40.137566727906,40.1375660925791
3,4,2,84,53.52326,10.02123,23.60842,27.2375148860328,27.2375148860726,27.2375151087447
3,4,2,85,53.52326,10.02123,18.45775,22.4732702560245,22.4732702559064,22.4732710229078
3,4,2,86,53.52326,10.02123,5.412458,7.03308531194583,7.03308531185569,7.03308603512177
3,4,2,87,53.52326,10.02123,6.380208,8.28551603036222,8.28551603038463,8.28551593272013
3,4,2,88,53.52326,10.02123,9.511333,10.7640238724167,10.7640238724998,10.7640223276752
3,4,2,89,53.52326,10.02123,14.60283,15.3715182214098,15.3715182210645,15.371519823979
3,4,2,90,53.52326,10.02123,21.96017,25.8743850175958,25.874385017488,25.8743893593119
4,1,2,91,53.52326,10.02123,21.33083,24.3007591453122,24.3007616317184,24.3007680657701
4,1,2,92,53.52326,10.02123,6.589833,7.55935030789466,7.55935168831781,7.55935753826935
4,1,2,93,53.52326,10.02123,7.946458,11.2283604301837,11.2283610676241,11.2283632390387
4,1,2,94,53.52326,10.02123,7.123625,7.1090918822932,7.1090921234033,7.10908813333425
4,1,2,95,53.52326,10.02123,4.994625,6.10704829626354,6.10704830681891,6.10705558260949
4,1,2,98,53.52326,10.02123,5.267375,5.02165101389383,5.02165111508128,5.02164977626057
4,1,2,99,53.52326,10.02123,10.9265,15.3376866355121,15.337687350752,15.3376983611107
4,1,2,100,53.52326,10.02123,4.256292,5.86097711833708,5.86097781309644,5.86098618610507
4,1,2,101,53.52326,10.02123,7.6885,9.84637486914406,9.84637544638738,9.84637426787907
4,1,2,102,53.52326,10.02123,2.143667,1.78238061769383,1.78238065199434,1.78238021741308
4,1,2,103,53.52326,10.02123,3.741417,3.54612339035796,3.54612340639684,3.54612387886144
4,1,2,104,53.52326,10.02123,3.690958,5.30211405549542,5.30211436034207,5.30211475621036
4,1,2,106,53.52326,10.02123,4.382333,3.3766645970436,3.37666479715267,3.37666285234494
4,1,2,107,53.52326,10.02123,6.361625,5.81547838672796,5.81547819876957,5.81547216220818
4,1,2,108,53.52326,10.02123,9.745292,7.03068525722409,7.03068524934881,7.03067376843637
4,1,2,109,53.52326,10.02123,14.45858,14.2191697614684,14.2191704295163,14.2191700120476
4,1,2,110,53.52326,10.02123,10.48446,9.64153582677187,9.64153726592974,9.64153689256219
4,1,2,111,53.52326,10.02123,12.25775,14.9177095070473,14.9177113152787,14.9177156769478
4,1,2,112,53.52326,10.02123,5.531875,7.65614529621533,7.6561464853504,7.6561506906975
4,1,2,113,53.52326,10.02123,6.438125,8.41172358726206,8.41172434812404,8.41172097522099
4,1,2,114,53.52326,10.02123,5.946583,5.91631241246196,5.91631293151882,5.91631476387543
4,1,2,115,53.52326,10.02123,3.921583,2.89407343996197,2.89407403164429,2.89407311565563
4,1,2,116,53.52326,10.02123,5.53225,5.05843073289236,5.05843164283536,5.05842766980012
4,1,2,117,53.52326,10.02123,5.129875,5.27884205407005,5.27884283418348,5.27884254742057
4,1,2,119,53.52326,10.02123,14.98133,17.074710948869,17.0747107802352,17.0747164753417
4,1,2,120,53.52326,10.02123,11.39258,15.2131008922483,15.2131005528076,15.2131050320032
4,2,2,91,53.52326,10.02123,21.33083,24.3008112791805,24.3008138013107,24.3008202345013
4,2,2,92,53.52326,10.02123,6.589833,7.55938095178671,7.5593823569011,7.55938811680804
4,2,2,93,53.52326,10.02123,7.946458,11.2284037107159,11.228404359469,11.2284065235118
4,2,2,94,53.52326,10.02123,7.123625,7.10913393164999,7.10913417823014,7.10913018218362
4,2,2,95,53.52326,10.02123,4.994625,6.10706699031724,6.10706700368982,6.1070742582088
4,2,2,98,53.52326,10.02123,5.267375,5.02161885472205,5.02161895875005,5.02161761136199
4,2,2,99,53.52326,10.02123,10.9265,15.3377208251434,15.3377215525476,15.3377325589983
4,2,2,100,53.52326,10.02123,4.256292,5.86100564206401,5.86100634990169,5.86101466552628
4,2,2,101,53.52326,10.02123,7.6885,9.84641074777528,9.84641133359108,9.8464101713779
4,2,2,102,53.52326,10.02123,2.143667,1.78234322747377,1.78234326516855,1.78234279945221
4,2,2,103,53.52326,10.02123,3.741417,3.54610975839194,3.54610977622013,3.54611024110812
4,2,2,104,53.52326,10.02123,3.690958,5.30203618282286,5.30203649277365,5.30203688613636
4,2,2,106,53.52326,10.02123,4.382333,3.37668454584161,3.37668475036935,3.37668279454257
4,2,2,107,53.52326,10.02123,6.361625,5.81550472126074,5.81550453492753,5.81549848626449
4,2,2,108,53.52326,10.02123,9.745292,7.03074481267663,7.03074480760117,7.03073332783029
4,2,2,109,53.52326,10.02123,14.45858,14.2191358176093,14.2191364984957,14.2191360731741
4,2,2,110,53.52326,10.02123,10.48446,9.64151190352462,9.64151336670162,9.64151293793685
4,2,2,111,53.52326,10.02123,12.25775,14.9177381584933,14.9177399935889,14.9177443365309
4,2,2,112,53.52326,10.02123,5.531875,7.65613554613543,7.6561367551833,7.65614090721684
4,2,2,113,53.52326,10.02123,6.438125,8.4117596514993,8.4117604245217,8.41175704761071
4,2,2,114,53.52326,10.02123,5.946583,5.91633318017557,5.91633370851342,5.91633552098588
4,2,2,115,53.52326,10.02123,3.921583,2.89406959351317,2.89407019515201,2.89406925408406
4,2,2,116,53.52326,10.02123,5.53225,5.05844201398486,5.0584429373865,5.0584389556727
4,2,2,117,53.52326,10.02123,5.129875,5.27885507314656,5.2788558666019,5.27885554827577
4,2,2,119,53.52326,10.02123,14.98133,17.074817226487,17.0748170582086,17.0748227659803
4,2,2,120,53.52326,10.02123,11.39258,15.2131720705058,15.213171730259,15.2131762161137
4,3,2,91,53.52326,10.02123,21.33083,24.300820469891,24.3008229813678,24.3008294127668
4,3,2,92,53.52326,10.02123,6.589833,7.55937702446559,7.55937842106558,7.55938420328337
4,3,2,93,53.52326,10.02123,7.946458,11.2283969155204,11.2283975599168,11.2283997251305
4,3,2,94,53.52326,10.02123,7.123625,7.10913138751407,7.10913163080986,7.10912763738628
4,3,2,95,53.52326,10.02123,4.994625,6.10706731845511,6.10706732947384,6.10707458736181
4,3,2,98,53.52326,10.02123,5.267375,5.02163345247459,5.02163355499763,5.0216322077809
4,3,2,99,53.52326,10.02123,10.9265,15.3377210407227,15.337721763455,15.33773276764
4,3,2,100,53.52326,10.02123,4.256292,5.86099638396402,5.86099708722944,5.86100541376209
4,3,2,101,53.52326,10.02123,7.6885,9.84641061987546,9.8464112026717,9.84641003660229
4,3,2,102,53.52326,10.02123,2.143667,1.7823536416081,1.78235367693219,1.78235322063202
4,3,2,103,53.52326,10.02123,3.741417,3.54611055742473,3.54611057363346,3.54611104068374
4,3,2,104,53.52326,10.02123,3.690958,5.30204429184977,5.30204459971023,5.30204499284048
4,3,2,106,53.52326,10.02123,4.382333,3.37668055727787,3.37668075979352,3.37667880793242
4,3,2,107,53.52326,10.02123,6.361625,5.8155080687516,5.81550787915057,5.81550183967002
4,3,2,108,53.52326,10.02123,9.745292,7.03073909043698,7.03073908199661,7.03072760585002
4,3,2,109,53.52326,10.02123,14.45858,14.2191309233727,14.2191315981525,14.2191311760661
4,3,2,110,53.52326,10.02123,10.48446,9.64151249375291,9.64151394884459,9.64151353604612
4,3,2,111,53.52326,10.02123,12.25775,14.9177431326552,14.9177449598957,14.9177493071168
4,3,2,112,53.52326,10.02123,5.531875,7.65613631256008,7.65613751521602,7.65614167956204
4,3,2,113,53.52326,10.02123,6.438125,8.41175316163148,8.41175393068335,8.41175055639812
4,3,2,114,53.52326,10.02123,5.946583,5.91633382332753,5.91633434809874,5.91633616547824
4,3,2,115,53.52326,10.02123,3.921583,2.8940709754205,2.89407157362652,2.89407064022447
4,3,2,116,53.52326,10.02123,5.53225,5.05844875538105,5.05844967479052,5.05844569781311
4,3,2,117,53.52326,10.02123,5.129875,5.27885615422508,5.27885694308833,5.27885663468624
4,3,2,119,53.52326,10.02123,14.98133,17.0747961117643,17.0747959403515,17.0748016367355
4,3,2,120,53.52326,10.02123,11.39258,15.2131623392237,15.2131619959571,15.2131664781693
4,4,2,91,53.52326,10.02123,21.33083,24.3009301507515,24.3009235364945,24.3009319767127
4,4,2,92,53.52326,10.02123,6.589833,7.55935709096748,7.55935294714163,7.55936071217103
4,4,2,93,53.52326,10.02123,7.946458,11.2283609817086,11.2283591518984,11.2283604199737
4,4,2,94,53.52326,10.02123,7.123625,7.1091445987749,7.10914372111763,7.10913829574659
4,4,2,95,53.52326,10.02123,4.994625,6.10706198267036,6.10706188828965,6.10706793721067
4,4,2,98,53.52326,10.02123,5.267375,5.02167393933911,5.02167341773239,5.02167047307057
4,4,2,99,53.52326,10.02123,10.9265,15.3377262429756,15.3377244091327,15.3377344892806
4,4,2,100,53.52326,10.02123,4.256292,5.86093607944406,5.860933951828,5.8609427376262
4,4,2,101,53.52326,10.02123,7.6885,9.84642471346339,9.84642316092763,9.84642134144312
4,4,2,102,53.52326,10.02123,2.143667,1.7824452236944,1.78244491306455,1.78244395531772
4,4,2,103,53.52326,10.02123,3.741417,3.54611378131844,3.5461136527868,3.54611327098496
4,4,2,104,53.52326,10.02123,3.690958,5.30203912015185,5.30203822418395,5.30203810531691
4,4,2,106,53.52326,10.02123,4.382333,3.37667997205006,3.37667930135316,3.37667696937245
4,4,2,107,53.52326,10.02123,6.361625,5.81553083852771,5.81553112704856,5.81552312049945
4,4,2,108,53.52326,10.02123,9.745292,7.03074286376005,7.03074250246547,7.030728412332
4,4,2,109,53.52326,10.02123,14.45858,14.2191260459883,14.2191240722051,14.219122138827
4,4,2,110,53.52326,10.02123,10.48446,9.64150021715429,9.64149602242932,9.64149732903448
4,4,2,111,53.52326,10.02123,12.25775,14.9178054753611,14.9178006027142,14.9178070508351
4,4,2,112,53.52326,10.02123,5.531875,7.65612177257225,7.65611830465468,7.65612389503883
4,4,2,113,53.52326,10.02123,6.438125,8.4117290012006,8.41172681018205,8.4117234023476
4,4,2,114,53.52326,10.02123,5.946583,5.91634089976159,5.91633938234243,5.91634126104293
4,4,2,115,53.52326,10.02123,3.921583,2.89407599380229,2.89407425714123,2.89407425034148
4,4,2,116,53.52326,10.02123,5.53225,5.05850326655565,5.05850073885821,5.05849816366919
4,4,2,117,53.52326,10.02123,5.129875,5.27888771780329,5.27888546545873,5.27888622186862
4,4,2,119,53.52326,10.02123,14.98133,17.0746978332935,17.0746979929985,17.0746981755466
4,4,2,120,53.52326,10.02123,11.39258,15.213107381206,15.2131081369722,15.2131079086845
5,1,2,121,53.52326,10.02123,12.52696,14.3252572865554,14.3252569974972,14.3252700576624
5,1,2,122,53.52326,10.02123,6.277417,7.74759759911727,7.74759733117117,7.74761144177188
5,1,2,124,53.52326,10.02123,2.576958,3.242037429439,3.24203736359473,3.24203857833425
5,1,2,126,53.52326,10.02123,3.934083,5.50592518852206,5.50592618101889,5.50592534237349
5,1,2,127,53.52326,10.02123,6.424625,7.9828332206289,7.98283463426905,7.98283368112988
5,1,2,128,53.52326,10.02123,6.686542,7.04973965898456,7.04974126966762,7.04973106604388
5,1,2,129,53.52326,10.02123,6.284792,8.87529631258624,8.8752978886821,8.87528983554928
5,1,2,130,53.52326,10.02123,3.666958,4.32488319634979,4.32488425769074,4.3248739568794
5,1,2,131,53.52326,10.02123,7.689833,8.72936041984099,8.72936132100432,8.72936173127142
5,1,2,132,53.52326,10.02123,8.986917,12.0048117255995,12.0048123168293,12.0048160718574
5,1,2,133,53.52326,10.02123,7.9025,6.66577861532478,6.66577846216279,6.66577425306934
5,1,2,134,53.52326,10.02123,9.184792,8.79008022823937,8.79007997014492,8.79007851601027
5,1,2,136,53.52326,10.02123,5.621292,7.87362254113351,7.87362318414215,7.87362733329052
5,1,2,137,53.52326,10.02123,5.878125,7.08716788808243,7.08716861417103,7.08716755476146
5,1,2,139,53.52326,10.02123,5.570792,7.69714395772776,7.69714452164995,7.69714401330337
5,1,2,140,53.52326,10.02123,5.568333,5.72539907694666,5.725399448145,5.72539592855763
5,1,2,142,53.52326,10.02123,3.082708,5.29180124795295,5.29180201307562,5.29180437486229
5,1,2,143,53.52326,10.02123,4.112917,6.6513596969402,6.65136054396443,6.65135996898794
5,1,2,145,53.52326,10.02123,4.522458,7.45211358694431,7.45211446523247,7.45211677926275
5,1,2,146,53.52326,10.02123,3.33275,4.41488128512871,4.41488201114039,4.41487394672667
5,1,2,147,53.52326,10.02123,5.267875,7.25847898879242,7.25847978226,7.25848140545338
5,1,2,148,53.52326,10.02123,6.899333,9.482396826742,9.48239772385146,9.48239361263819
5,1,2,149,53.52326,10.02123,8.779208,12.4114914431735,12.4114923189417,12.4114968863443
5,1,2,150,53.52326,10.02123,7.835125,10.4672460099368,10.4672467675351,10.4672460067479
5,1,2,151,53.52326,10.02123,5.935208,7.95753433524403,7.95753495224707,7.95753674768079
5,2,2,121,53.52326,10.02123,12.52696,14.3254158030555,14.3254155162221,14.3254285641723
5,2,2,122,53.52326,10.02123,6.277417,7.74760407740875,7.74760381393338,7.74761791828142
5,2,2,124,53.52326,10.02123,2.576958,3.24204533024284,3.24204526638826,3.24204647697447
5,2,2,126,53.52326,10.02123,3.934083,5.50597655801154,5.5059775512093,5.50597670367185
5,2,2,127,53.52326,10.02123,6.424625,7.98289972998449,7.98290114421945,7.98290018237427
5,2,2,128,53.52326,10.02123,6.686542,7.04969807295458,7.04969968398845,7.04968946417096
5,2,2,129,53.52326,10.02123,6.284792,8.87518886588623,8.87519044229468,8.8751823829902
5,2,2,130,53.52326,10.02123,3.666958,4.32488999338668,4.32489105564051,4.32488073881908
5,2,2,131,53.52326,10.02123,7.689833,8.72942760440952,8.72942850724328,8.72942890815771
5,2,2,132,53.52326,10.02123,8.986917,12.0048305605148,12.0048311527283,12.0048349029593
5,2,2,133,53.52326,10.02123,7.9025,6.66572563086388,6.66572548019705,6.66572125704755
5,2,2,134,53.52326,10.02123,9.184792,8.79002612240514,8.79002586547626,8.79002440663874
5,2,2,136,53.52326,10.02123,5.621292,7.87376437869459,7.8737650229817,7.87376916806102
5,2,2,137,53.52326,10.02123,5.878125,7.08716459438747,7.08716532179376,7.0871642492582
5,2,2,139,53.52326,10.02123,5.570792,7.69716157866883,7.69716214400816,7.69716162577549
5,2,2,140,53.52326,10.02123,5.568333,5.72536177240676,5.72536214448236,5.72535861771962
5,2,2,142,53.52326,10.02123,3.082708,5.29174898270175,5.29174974862249,5.29175210327917
5,2,2,143,53.52326,10.02123,4.112917,6.6514314966836,6.65143234406408,6.65143176174032
5,2,2,145,53.52326,10.02123,4.522458,7.45206764769256,7.45206852688307,7.45207083598957
5,2,2,146,53.52326,10.02123,3.33275,4.41489050205476,4.41489122851405,4.41488315119065
5,2,2,147,53.52326,10.02123,5.267875,7.25841266548608,7.25841346063586,7.25841507601677
5,2,2,148,53.52326,10.02123,6.899333,9.48232510239229,9.48232599984946,9.48232187443577
5,2,2,149,53.52326,10.02123,8.779208,12.4114352022619,12.4114360799218,12.4114406359495
5,2,2,150,53.52326,10.02123,7.835125,10.4672457397348,10.4672464985458,10.4672457238109
5,2,2,151,53.52326,10.02123,5.935208,7.95750363511157,7.95750425314925,7.95750604225648
5,3,2,121,53.52326,10.02123,12.52696,14.3263248487674,14.326324559939,14.3263376506492
5,3,2,122,53.52326,10.02123,6.277417,7.74766802351832,7.74766776475605,7.74768186304056
5,3,2,124,53.52326,10.02123,2.576958,3.24204892286775,3.24204886037454,3.24205006453128
5,3,2,126,53.52326,10.02123,3.934083,5.506323128174,5.50632411440546,5.50632327324941
5,3,2,127,53.52326,10.02123,6.424625,7.98337543105434,7.98337683487073,7.98337587460184
5,3,2,128,53.52326,10.02123,6.686542,7.04937027115282,7.04937187000036,7.04936165382961
5,3,2,129,53.52326,10.02123,6.284792,8.87442269846058,8.87442426352256,8.87441616971455
5,3,2,130,53.52326,10.02123,3.666958,4.32487738178779,4.32487843613026,4.32486813193276
5,3,2,131,53.52326,10.02123,7.689833,8.72984212484303,8.72984302126798,8.72984342278968
5,3,2,132,53.52326,10.02123,8.986917,12.0050780278978,12.0050786138937,12.0050823590688
5,3,2,133,53.52326,10.02123,7.9025,6.66538521009474,6.66538505982091,6.665380843298
5,3,2,134,53.52326,10.02123,9.184792,8.78977521454901,8.78977495653548,8.78977349208292
5,3,2,136,53.52326,10.02123,5.621292,7.87497861160623,7.87497925141602,7.87498339423759
5,3,2,137,53.52326,10.02123,5.878125,7.08711276609815,7.08711348781616,7.08711242717516
5,3,2,139,53.52326,10.02123,5.570792,7.69739567607721,7.69739623678672,7.69739572325324
5,3,2,140,53.52326,10.02123,5.568333,5.7254116778028,5.72541204614315,5.72540851988214
5,3,2,142,53.52326,10.02123,3.082708,5.29136084912938,5.29136160975531,5.29136396382685
5,3,2,143,53.52326,10.02123,4.112917,6.65196711468798,6.65196795500948,6.65196737749287
5,3,2,145,53.52326,10.02123,4.522458,7.45172264673228,7.45172351946559,7.45172581802773
5,3,2,146,53.52326,10.02123,3.33275,4.41488646169599,4.41488718203577,4.41487911457737
5,3,2,147,53.52326,10.02123,5.267875,7.25796497270656,7.25796576249012,7.25796736943909
5,3,2,148,53.52326,10.02123,6.899333,9.4817120924597,9.48171298128467,9.48170885903893
5,3,2,149,53.52326,10.02123,8.779208,12.4109967552391,12.4109976253512,12.4110021804431
5,3,2,150,53.52326,10.02123,7.835125,10.4671318089683,10.4671325603879,10.4671317962024
5,3,2,151,53.52326,10.02123,5.935208,7.95724294981897,7.95724356265208,7.95724534728833
5,4,2,121,53.52326,10.02123,12.52696,14.3264407976495,14.3264404978369,14.3264548412964
5,4,2,122,53.52326,10.02123,6.277417,7.74772714823402,7.7477268610562,7.74773797392896
5,4,2,124,53.52326,10.02123,2.576958,3.24204535191856,3.24204528144227,3.24204770054163
5,4,2,126,53.52326,10.02123,3.934083,5.50634309985642,5.50634417421081,5.50634294941874
5,4,2,127,53.52326,10.02123,6.424625,7.98341562925002,7.9834171589979,7.98341706287417
5,4,2,128,53.52326,10.02123,6.686542,7.04935811388749,7.04935985786636,7.04935014997952
5,4,2,129,53.52326,10.02123,6.284792,8.87437418247106,8.8743758872495,8.87436618338565
5,4,2,130,53.52326,10.02123,3.666958,4.32488836362748,4.32488951363433,4.32488220110702
5,4,2,131,53.52326,10.02123,7.689833,8.7298933230594,8.72989430053811,8.72989464904462
5,4,2,132,53.52326,10.02123,8.986917,12.0050728422761,12.0050734880722,12.0050745378287
5,4,2,133,53.52326,10.02123,7.9025,6.66533747457885,6.66533731463493,6.6653354416158
5,4,2,134,53.52326,10.02123,9.184792,8.78972928310913,8.78972901131865,8.78973018580206
5,4,2,136,53.52326,10.02123,5.621292,7.87507245088722,7.8750731487609,7.87507527147178
5,4,2,137,53.52326,10.02123,5.878125,7.08712854974742,7.08712933866295,7.0871283300022
5,4,2,139,53.52326,10.02123,5.570792,7.69733951995805,7.69734013371666,7.69733927136168
5,4,2,140,53.52326,10.02123,5.568333,5.72528905860949,5.72528946360774,5.72528803627779
5,4,2,142,53.52326,10.02123,3.082708,5.29133965641512,5.29134048440206,5.29134199210509
5,4,2,143,53.52326,10.02123,4.112917,6.65204618693735,6.65204710539906,6.65204708821356
5,4,2,145,53.52326,10.02123,4.522458,7.45170841197128,7.45170936329382,7.45171218552805
5,4,2,146,53.52326,10.02123,3.33275,4.41489957199545,4.41490036015151,4.41489206878053
5,4,2,147,53.52326,10.02123,5.267875,7.25792512504395,7.25792598414387,7.25792974058429
5,4,2,148,53.52326,10.02123,6.899333,9.48169166912409,9.48169264357692,9.48168587675281
5,4,2,149,53.52326,10.02123,8.779208,12.410974570528,12.4109755222522,12.410981827855
5,4,2,150,53.52326,10.02123,7.835125,10.4671492358353,10.4671500610558,10.4671485401345
5,4,2,151,53.52326,10.02123,5.935208,7.95724023931895,7.95724090953561,7.9572424911714
6,1,2,153,53.52326,10.02123,12.52037,16.7363861422535,16.7363861422535,16.7363824139904
6,1,2,154,53.52326,10.02123,11.80621,17.6493455450956,17.6493455450956,17.6493401716324
6,1,2,155,53.52326,10.02123,20.78146,29.2485242609982,29.2485242609982,29.2485270729914
6,1,2,156,53.52326,10.02123,18.89075,26.0754549684284,26.0754549684284,26.0754555811135
6,1,2,160,53.52326,10.02123,13.666,14.7265297653625,14.7265297653625,14.7265324732608
6,1,2,161,53.52326,10.02123,6.801792,6.32492086307055,6.32492086307055,6.32492144483632
6,1,2,163,53.52326,10.02123,9.80225,12.3353295426372,12.3353295426372,12.3353303541354
6,1,2,166,53.52326,10.02123,20.58729,22.8578819697828,22.8578819697828,22.8578734765291
6,1,2,173,53.52326,10.02123,8.573667,11.5323506641572,11.5323506641572,11.5323480528987
6,1,2,183,53.52326,10.02123,6.577958,5.55858603287349,5.55858603287349,5.55858638650592
6,2,2,153,53.52326,10.02123,12.52037,16.7363861612771,16.7363861612771,16.7363824098237
6,2,2,154,53.52326,10.02123,11.80621,17.6493455758794,17.6493455758794,17.6493403528589
6,2,2,155,53.52326,10.02123,20.78146,29.2485242938509,29.2485242938509,29.2485269228886
6,2,2,156,53.52326,10.02123,18.89075,26.0754550230272,26.0754550230272,26.0754556760138
6,2,2,160,53.52326,10.02123,13.666,14.726529785551,14.726529785551,14.7265325185183
6,2,2,161,53.52326,10.02123,6.801792,6.32492088573878,6.32492088573878,6.32492149950467
6,2,2,163,53.52326,10.02123,9.80225,12.3353295566163,12.3353295566163,12.3353303947081
6,2,2,166,53.52326,10.02123,20.58729,22.857881989588,22.857881989588,22.8578735020453
6,2,2,173,53.52326,10.02123,8.573667,11.5323506792445,11.5323506792445,11.5323480552648
6,2,2,183,53.52326,10.02123,6.577958,5.55858605345662,5.55858605345662,5.55858634395955
6,3,2,153,53.52326,10.02123,12.52037,16.7363861612771,16.7363861612771,16.7363824098237
6,3,2,154,53.52326,10.02123,11.80621,17.6493455758794,17.6493455758794,17.6493403528589
6,3,2,155,53.52326,10.02123,20.78146,29.2485242938509,29.2485242938509,29.2485269228886
6,3,2,156,53.52326,10.02123,18.89075,26.0754550230272,26.0754550230272,26.0754556760138
6,3,2,160,53.52326,10.02123,13.666,14.726529785551,14.726529785551,14.7265325185183
6,3,2,161,53.52326,10.02123,6.801792,6.32492088573878,6.32492088573878,6.32492149950467
6,3,2,163,53.52326,10.02123,9.80225,12.3353295566163,12.3353295566163,12.3353303947081
6,3,2,166,53.52326,10.02123,20.58729,22.857881989588,22.857881989588,22.8578735020453
6,3,2,173,53.52326,10.02123,8.573667,11.5323506792445,11.5323506792445,11.5323480552648
6,3,2,183,53.52326,10.02123,6.577958,5.55858605345662,5.55858605345662,5.55858634395955
6,4,2,153,53.52326,10.02123,12.52037,16.7363861612771,16.7363861612771,16.7363824098237
6,4,2,154,53.52326,10.02123,11.80621,17.6493455758794,17.6493455758794,17.6493403528589
6,4,2,155,53.52326,10.02123,20.78146,29.2485242938509,29.2485242938509,29.2485269228886
6,4,2,156,53.52326,10.02123,18.89075,26.0754550230272,26.0754550230272,26.0754556760138
6,4,2,160,53.52326,10.02123,13.666,14.726529785551,14.726529785551,14.7265325185183
6,4,2,161,53.52326,10.02123,6.801792,6.32492088573878,6.32492088573878,6.32492149950467
6,4,2,163,53.52326,10.02123,9.80225,12.3353295566163,12.3353295566163,12.3353303947081
6,4,2,166,53.52326,10.02123,20.58729,22.857881989588,22.857881989588,22.8578735020453
6,4,2,173,53.52326,10.02123,8.573667,11.5323506792445,11.5323506792445,11.5323480552648
6,4,2,183,53.52326,10.02123,6.577958,5.55858605345662,5.55858605345662,5.55858634395955
7,1,2,184,53.52326,10.02123,5.606875,5.9845960332531,5.98459930705125,5.98459945217284
7,1,2,186,53.52326,10.02123,8.817333,9.58183725931781,9.58184529099199,9.58184060247448
7,1,2,189,53.52326,10.02123,12.252,12.6236786538996,12.6236901864516,12.6236805151547
7,1,2,190,53.52326,10.02123,12.59621,14.731712259364,14.7317235276318,14.7317196193144
7,1,2,191,53.52326,10.02123,14.83367,14.0044353510739,14.0044451254914,14.0044471568656
7,1,2,193,53.52326,10.02123,10.04267,9.58323116531905,9.58323659386592,9.58323895478162
7,1,2,195,53.52326,10.02123,4.744167,6.90718465655195,6.90718758531953,6.90719202306569
7,1,2,201,53.52326,10.02123,11.15346,11.9877118060297,11.9877211413787,11.987722116939
7,1,2,203,53.52326,10.02123,13.05767,11.8051037884166,11.8051151213959,11.8051064206129
7,1,2,207,53.52326,10.02123,7.55775,9.63805217573524,9.63805594550347,9.63806365702873
7,1,2,208,53.52326,10.02123,3.954667,5.88991780386394,5.88992066273602,5.88992030876312
7,1,2,209,53.52326,10.02123,3.429583,5.76665611453465,5.76665889859098,5.7666626194473
7,1,2,212,53.52326,10.02123,6.225,4.99437993178309,4.9943838941593,4.99438080281553
7,1,2,214,53.52326,10.02123,8.422083,8.58788332573552,8.58789124166135,8.58788806929853
7,2,2,184,53.52326,10.02123,5.606875,5.98460028276739,5.98459835355985,5.98459920144811
7,2,2,186,53.52326,10.02123,8.817333,9.58183600748296,9.58183721162515,9.58183412774332
7,2,2,189,53.52326,10.02123,12.252,12.6236766035029,12.6236777873856,12.6236723112594
7,2,2,190,53.52326,10.02123,12.59621,14.7318154107455,14.7318150353953,14.7318146930722
7,2,2,191,53.52326,10.02123,14.83367,14.0044456054617,14.0044489115441,14.0044492495377
7,2,2,193,53.52326,10.02123,10.04267,9.58323575969366,9.58323467523386,9.58323678180732
7,2,2,195,53.52326,10.02123,4.744167,6.90719397167244,6.90719228712867,6.90719614055412
7,2,2,201,53.52326,10.02123,11.15346,11.9877200014581,11.9877211686519,11.9877248402008
7,2,2,203,53.52326,10.02123,13.05767,11.8051189900245,11.8051232645334,11.8051166245853
7,2,2,207,53.52326,10.02123,7.55775,9.6380664414602,9.63806868611628,9.63806933500132
7,2,2,208,53.52326,10.02123,3.954667,5.88995359684921,5.88994762291077,5.88995236218217
7,2,2,209,53.52326,10.02123,3.429583,5.76666178375622,5.76666314624843,5.76666354271473
7,2,2,212,53.52326,10.02123,6.225,4.99437448692058,4.99437460251115,4.99437213438515
7,2,2,214,53.52326,10.02123,8.422083,8.58790346281943,8.5879076108819,8.58790461634662
7,3,2,184,53.52326,10.02123,5.606875,5.98460028269747,5.98460091115582,5.98459920019218
7,3,2,186,53.52326,10.02123,8.817333,9.58183600743593,9.58183881879377,9.58183411763495
7,3,2,189,53.52326,10.02123,12.252,12.6236766033702,12.6236806613109,12.6236723048651
7,3,2,190,53.52326,10.02123,12.59621,14.7318154106872,14.7318191689496,14.7318146968194
7,3,2,191,53.52326,10.02123,14.83367,14.004445605188,14.0044488027058,14.0044492223749
7,3,2,193,53.52326,10.02123,10.04267,9.58323575960411,9.58323707833843,9.58323677473619
7,3,2,195,53.52326,10.02123,4.744167,6.90719397153055,6.90719429779158,6.90719613780234
7,3,2,201,53.52326,10.02123,11.15346,11.9877200013294,11.9877232771894,11.9877248539728
7,3,2,203,53.52326,10.02123,13.05767,11.8051189896642,11.8051231980455,11.8051166002137
7,3,2,207,53.52326,10.02123,7.55775,9.63806644135401,9.63806699420937,9.63806928112545
7,3,2,208,53.52326,10.02123,3.954667,5.88995359688848,5.88995387596449,5.88995239707153
7,3,2,209,53.52326,10.02123,3.429583,5.76666178365399,5.76666238413245,5.76666351684891
7,3,2,212,53.52326,10.02123,6.225,4.99437448681835,4.99437570856592,4.99437212474181
7,3,2,214,53.52326,10.02123,8.422083,8.58790346277427,8.5879066373344,8.58790459868109
7,4,2,184,53.52326,10.02123,5.606875,5.98460028269747,5.98460091115582,5.98459920019218
7,4,2,186,53.52326,10.02123,8.817333,9.58183600743593,9.58183881879377,9.58183411763495
7,4,2,189,53.52326,10.02123,12.252,12.6236766033702,12.6236806613109,12.6236723048651
7,4,2,190,53.52326,10.02123,12.59621,14.7318154106872,14.7318191689496,14.7318146968194
7,4,2,191,53.52326,10.02123,14.83367,14.004445605188,14.0044488027058,14.0044492223749
7,4,2,193,53.52326,10.02123,10.04267,9.58323575960411,9.58323707833843,9.58323677473619
7,4,2,195,53.52326,10.02123,4.744167,6.90719397153055,6.90719429779158,6.90719613780234
7,4,2,201,53.52326,10.02123,11.15346,11.9877200013294,11.9877232771894,11.9877248539728
7,4,2,203,53.52326,10.02123,13.05767,11.8051189896642,11.8051231980455,11.8051166002137
7,4,2,207,53.52326,10.02123,7.55775,9.63806644135401,9.63806699420937,9.63806928112545
7,4,2,208,53.52326,10.02123,3.954667,5.88995359688848,5.88995387596449,5.88995239707153
7,4,2,209,53.52326,10.02123,3.429583,5.76666178365399,5.76666238413245,5.76666351684891
7,4,2,212,53.52326,10.02123,6.225,4.99437448681835,4.99437570856592,4.99437212474181
7,4,2,214,53.52326,10.02123,8.422083,8.58790346277427,8.5879066373344,8.58790459868109
8,1,2,216,53.52326,10.02123,4.31,6.34152953726792,6.34152935174627,6.34152897650921
8,1,2,219,53.52326,10.02123,7.850833,8.79205760918964,8.79205720820873,8.7920594825724
8,1,2,220,53.52326,10.02123,11.11458,12.8581768337388,12.8581762646822,12.8581693542272
8,1,2,221,53.52326,10.02123,12.56917,16.5715215490073,16.5715209868526,16.5715374351562
8,1,2,222,53.52326,10.02123,6.38125,8.72700510317897,8.72700476864007,8.72700875731239
8,1,2,224,53.52326,10.02123,5.13875,6.71531268985753,6.71531259641702,6.71531070610068
8,1,2,227,53.52326,10.02123,5.35,6.64507574768482,6.64507556911379,6.64507674216683
8,1,2,228,53.52326,10.02123,5.191667,6.47530117992775,6.47530100693051,6.47530055244552
8,1,2,229,53.52326,10.02123,5.280417,7.56077044416622,7.56077029154147,7.56078081876452
8,1,2,231,53.52326,10.02123,5.097083,4.80945399390305,4.80945390047278,4.80945230157577
8,1,2,232,53.52326,10.02123,6.804583,7.4770986484077,7.47709849659541,7.47709991880212
8,1,2,233,53.52326,10.02123,6.555,4.24136731119205,4.24136722371506,4.2413628186296
8,1,2,235,53.52326,10.02123,3.55125,2.92114149865758,2.92114150988023,2.92114568137673
8,1,2,236,53.52326,10.02123,3.982083,3.88052725655202,3.88052718973186,3.88052746800022
8,1,2,237,53.52326,10.02123,5.783333,6.04828553541987,6.04828533221894,6.04827955237516
8,1,2,238,53.52326,10.02123,9.68875,8.85351040897458,8.85351009562675,8.8535158544608
8,1,2,239,53.52326,10.02123,8.292083,8.8484069733764,8.84840660769435,8.84840779940544
8,1,2,240,53.52326,10.02123,10.062,11.1732642375485,11.1732639103518,11.1732758306947
8,1,2,241,53.52326,10.02123,8.967417,10.8256451068846,10.8256448129261,10.8256450379203
8,1,2,242,53.52326,10.02123,9.202375,10.1992391148403,10.1992389183655,10.1992460558865
8,1,2,243,53.52326,10.02123,6.055125,6.79675427699212,6.79675409966526,6.7967496583511
8,1,2,245,53.52326,10.02123,16.92104,17.9248004584171,17.9247999302254,17.9248097413355
8,2,2,216,53.52326,10.02123,4.31,6.34152010965637,6.34151993288337,6.34151947416834
8,2,2,219,53.52326,10.02123,7.850833,8.79207836266384,8.79207798005331,8.79207979904359
8,2,2,220,53.52326,10.02123,11.11458,12.858201114769,12.8582005714869,12.8581939092455
8,2,2,221,53.52326,10.02123,12.56917,16.5714441568355,16.5714436207916,16.571459478853
8,2,2,222,53.52326,10.02123,6.38125,8.72701204414111,8.72701172545577,8.72701573492908
8,2,2,224,53.52326,10.02123,5.13875,6.71531409708385,6.71531400877072,6.71531206226085
8,2,2,227,53.52326,10.02123,5.35,6.64508537122111,6.64508520117243,6.64508622615597
8,2,2,228,53.52326,10.02123,5.191667,6.47530816890243,6.47530800376543,6.47530798201962
8,2,2,229,53.52326,10.02123,5.280417,7.56077223254771,7.56077208748285,7.56078246902236
8,2,2,231,53.52326,10.02123,5.097083,4.80942800954545,4.80942792026136,4.80942671502802
8,2,2,232,53.52326,10.02123,6.804583,7.47706924262884,7.4770690982817,7.47707039054347
8,2,2,233,53.52326,10.02123,6.555,4.24144180240755,4.24144171901199,4.24143764720521
8,2,2,235,53.52326,10.02123,3.55125,2.92114417733884,2.92114418804819,2.92114854911412
8,2,2,236,53.52326,10.02123,3.982083,3.88054592808504,3.88054586472033,3.88054594619327
8,2,2,237,53.52326,10.02123,5.783333,6.04829963392804,6.04829944012214,6.04829366610341
8,2,2,238,53.52326,10.02123,9.68875,8.85353381102409,8.85353351159137,8.85353926723079
8,2,2,239,53.52326,10.02123,8.292083,8.84842447950267,8.84842413113014,8.84842521907895
8,2,2,240,53.52326,10.02123,10.062,11.1732865690345,11.1732862564346,11.1732982793633
8,2,2,241,53.52326,10.02123,8.967417,10.8256387818057,10.8256385022602,10.8256383522639
8,2,2,242,53.52326,10.02123,9.202375,10.1992659629867,10.1992657758488,10.1992727450382
8,2,2,243,53.52326,10.02123,6.055125,6.79676853233769,6.79676836334038,6.79676408800082
8,2,2,245,53.52326,10.02123,16.92104,17.9248283804112,17.9248278768949,17.9248372930358
8,3,2,216,53.52326,10.02123,4.31,6.34152807051602,6.34152789291311,6.34152742898416
8,3,2,219,53.52326,10.02123,7.850833,8.79207287651573,8.79207249225188,8.79207420901749
8,3,2,220,53.52326,10.02123,11.11458,12.8581954563561,12.8581949108331,12.8581882797644
8,3,2,221,53.52326,10.02123,12.56917,16.5714611119636,16.5714605736379,16.5714763678769
8,3,2,222,53.52326,10.02123,6.38125,8.72700801934187,8.72700769923834,8.7270116967543
8,3,2,224,53.52326,10.02123,5.13875,6.71531019704884,6.71531010841093,6.71530817678196
8,3,2,227,53.52326,10.02123,5.35,6.6450843643457,6.64508419347856,6.64508521256152
8,3,2,228,53.52326,10.02123,5.191667,6.47530518444739,6.47530501876902,6.47530506926467
8,3,2,229,53.52326,10.02123,5.280417,7.56076872722952,7.56076858190649,7.56077896479094
8,3,2,231,53.52326,10.02123,5.097083,4.80943423652658,4.80943414689945,4.80943299562955
8,3,2,232,53.52326,10.02123,6.804583,7.47706354957573,7.47706340434872,7.47706471385633
8,3,2,233,53.52326,10.02123,6.555,4.2414489634046,4.24144887970617,4.24144485668223
8,3,2,235,53.52326,10.02123,3.55125,2.92114096045112,2.9211409710514,2.92114536428825
8,3,2,236,53.52326,10.02123,3.982083,3.88054110961149,3.88054104591449,3.88054109946115
8,3,2,237,53.52326,10.02123,5.783333,6.04829581719718,6.04829562228746,6.04828985081547
8,3,2,238,53.52326,10.02123,9.68875,8.85353429254228,8.85353399167339,8.85353974179156
8,3,2,239,53.52326,10.02123,8.292083,8.84842262333434,8.84842227307553,8.8484233548243
8,3,2,240,53.52326,10.02123,10.062,11.1732777096058,11.1732773958028,11.1732894300877
8,3,2,241,53.52326,10.02123,8.967417,10.8256227892282,10.8256225082508,10.8256223287843
8,3,2,242,53.52326,10.02123,9.202375,10.1992551577376,10.1992549697084,10.1992619212526
8,3,2,243,53.52326,10.02123,6.055125,6.79676356821646,6.79676339788907,6.79675913000878
8,3,2,245,53.52326,10.02123,16.92104,17.9248197839363,17.9248192783475,17.9248286801639
8,4,2,216,53.52326,10.02123,4.31,6.34152811445436,6.34152793662447,6.34152770848448
8,4,2,219,53.52326,10.02123,7.850833,8.79207284537551,8.79207246062732,8.7920750422594
8,4,2,220,53.52326,10.02123,11.11458,12.8581955686757,12.8581950223553,12.8581881699263
8,4,2,221,53.52326,10.02123,12.56917,16.5714609895783,16.5714604503238,16.5714778150251
8,4,2,222,53.52326,10.02123,6.38125,8.72700787147912,8.72700755079421,8.72701145172542
8,4,2,224,53.52326,10.02123,5.13875,6.71530992552022,6.71530983650308,6.7153080128446
8,4,2,227,53.52326,10.02123,5.35,6.64508435920633,6.6450841880944,6.64508562169362
8,4,2,228,53.52326,10.02123,5.191667,6.47530514028528,6.47530497421244,6.4753042656627
8,4,2,229,53.52326,10.02123,5.280417,7.56076855739024,7.56076841140971,7.5607791897428
8,4,2,231,53.52326,10.02123,5.097083,4.80943444645064,4.80943435659924,4.80943236353521
8,4,2,232,53.52326,10.02123,6.804583,7.47706369525642,7.47706354979896,7.47706534774721
8,4,2,233,53.52326,10.02123,6.555,4.24144847286916,4.24144838924797,4.24144368555853
8,4,2,235,53.52326,10.02123,3.55125,2.92114086416037,2.92114087488001,2.92114483214915
8,4,2,236,53.52326,10.02123,3.982083,3.88054104009001,3.88054097625223,3.88054136184771
8,4,2,237,53.52326,10.02123,5.783333,6.04829580620973,6.04829561130063,6.04828988617227
8,4,2,238,53.52326,10.02123,9.68875,8.85353402365292,8.85353372269289,8.85353960858266
8,4,2,239,53.52326,10.02123,8.292083,8.84842258476063,8.84842223389924,8.84842371097523
8,4,2,240,53.52326,10.02123,10.062,11.1732777203926,11.1732774063008,11.1732893381969
8,4,2,241,53.52326,10.02123,8.967417,10.82562342821,10.8256231464949,10.8256238395396
8,4,2,242,53.52326,10.02123,9.202375,10.199254941417,10.1992547533341,10.1992620361456
8,4,2,243,53.52326,10.02123,6.055125,6.79676346406363,6.7967632939359,6.79675855471808
8,4,2,245,53.52326,10.02123,16.92104,17.9248197624918,17.9248192560474,17.9248299009617
9,1,2,246,53.52326,10.02123,12.52725,12.4886714349859,12.4886709644056,12.4886712509684
9,1,2,248,53.52326,10.02123,16.15554,18.5241360659844,18.5241359914381,18.5241338002914
9,1,2,249,53.52326,10.02123,16.31833,17.2245634835221,17.2245640101399,17.2245626378008
9,1,2,250,53.52326,10.02123,11.67071,13.2644753033763,13.2644757377803,13.2644746063875
9,1,2,251,53.52326,10.02123,9.616875,11.0706586529306,11.0706594406377,11.0706656741507
9,1,2,252,53.52326,10.02123,4.02475,6.38225338566573,6.38225491191103,6.38225551102493
9,1,2,253,53.52326,10.02123,8.402833,8.01938512817242,8.01938678920648,8.01938727089229
9,1,2,255,53.52326,10.02123,3.339458,1.2310590581469,1.23106003109585,1.23105109899108
9,1,2,257,53.52326,10.02123,3.500167,4.51244973608794,4.51245063599671,4.51245312622377
9,1,2,258,53.52326,10.02123,3.447542,3.74326056957639,3.74326157639528,3.74326167333531
9,1,2,261,53.52326,10.02123,7.830625,9.50161468186138,9.50161372060617,9.50161462426882
9,1,2,262,53.52326,10.02123,15.25283,18.4012584700304,18.4012574585506,18.4012676589925
9,1,2,263,53.52326,10.02123,8.595333,10.4578464311894,10.4578460082119,10.4578509614998
9,1,2,264,53.52326,10.02123,8.426417,12.3326236378856,12.3326238629794,12.3326458526392
9,1,2,265,53.52326,10.02123,10.835,13.8778421955,13.8778429913528,13.8778386307012
9,1,2,266,53.52326,10.02123,13.51083,14.1205526283186,14.1205527974697,14.120548954694
9,1,2,267,53.52326,10.02123,4.285625,8.47070193744137,8.4707019375632,8.47069739576974
9,1,2,270,53.52326,10.02123,3.69775,6.36109069993558,6.36109164776095,6.36109161424362
9,1,2,271,53.52326,10.02123,6.972833,10.8922198852808,10.8922197742302,10.8922201069406
9,1,2,273,53.52326,10.02123,3.036375,5.46911547304484,5.469115261776,5.46911649356996
9,1,2,274,53.52326,10.02123,9.147542,9.26355263456743,9.26355285522686,9.26355133986661
9,2,2,246,53.52326,10.02123,12.52725,12.4886714366908,12.4886709947974,12.4886713042838
9,2,2,248,53.52326,10.02123,16.15554,18.5241360681584,18.5241359907006,18.5241339091316
9,2,2,249,53.52326,10.02123,16.31833,17.2245634825237,17.2245639583363,17.2245626192021
9,2,2,250,53.52326,10.02123,11.67071,13.264475303999,13.2644757039759,13.2644746714659
9,2,2,251,53.52326,10.02123,9.616875,11.0706586512224,11.0706593862337,11.0706656886329
9,2,2,252,53.52326,10.02123,4.02475,6.38225338087962,6.38225479260924,6.38225542604182
9,2,2,253,53.52326,10.02123,8.402833,8.01938512479519,8.01938666421947,8.01938734783242
9,2,2,255,53.52326,10.02123,3.339458,1.23105905769864,1.23105995257011,1.23105128972062
9,2,2,257,53.52326,10.02123,3.500167,4.51244973468998,4.51245057372117,4.51245319895342
9,2,2,258,53.52326,10.02123,3.447542,3.74326056632126,3.74326149207243,3.74326150837655
9,2,2,261,53.52326,10.02123,7.830625,9.5016146826914,9.50161377647026,9.50161451151993
9,2,2,262,53.52326,10.02123,15.25283,18.4012584730988,18.401257540023,18.4012677488058
9,2,2,263,53.52326,10.02123,8.595333,10.4578464301191,10.4578460277681,10.4578507098324
9,2,2,264,53.52326,10.02123,8.426417,12.3326236357308,12.332623848866,12.3326459444924
9,2,2,265,53.52326,10.02123,10.835,13.8778421934814,13.8778429187278,13.8778383966901
9,2,2,266,53.52326,10.02123,13.51083,14.120552631371,14.1205527867285,14.1205491774625
9,2,2,267,53.52326,10.02123,4.285625,8.47070193885116,8.47070193370996,8.47069742800173
9,2,2,270,53.52326,10.02123,3.69775,6.36109069764811,6.36109157321002,6.36109162751145
9,2,2,271,53.52326,10.02123,6.972833,10.8922198866603,10.8922197882102,10.8922201787266
9,2,2,273,53.52326,10.02123,3.036375,5.46911547415118,5.46911527397364,5.46911663271879
9,2,2,274,53.52326,10.02123,9.147542,9.26355263396719,9.2635528333096,9.26355127309439
9,3,2,246,53.52326,10.02123,12.52725,12.4886714366908,12.4886709947974,12.4886713042838
9,3,2,248,53.52326,10.02123,16.15554,18.5241360681584,18.5241359907006,18.5241339091316
9,3,2,249,53.52326,10.02123,16.31833,17.2245634825237,17.2245639583363,17.2245626192021
9,3,2,250,53.52326,10.02123,11.67071,13.264475303999,13.2644757039759,13.2644746714659
9,3,2,251,53.52326,10.02123,9.616875,11.0706586512224,11.0706593862337,11.0706656886329
9,3,2,252,53.52326,10.02123,4.02475,6.38225338087962,6.38225479260924,6.38225542604182
9,3,2,253,53.52326,10.02123,8.402833,8.01938512479519,8.01938666421947,8.01938734783242
9,3,2,255,53.52326,10.02123,3.339458,1.23105905769864,1.23105995257011,1.23105128972062
9,3,2,257,53.52326,10.02123,3.500167,4.51244973468998,4.51245057372117,4.51245319895342
9,3,2,258,53.52326,10.02123,3.447542,3.74326056632126,3.74326149207243,3.74326150837655
9,3,2,261,53.52326,10.02123,7.830625,9.5016146826914,9.50161377647026,9.50161451151993
9,3,2,262,53.52326,10.02123,15.25283,18.4012584730988,18.401257540023,18.4012677488058
9,3,2,263,53.52326,10.02123,8.595333,10.4578464301191,10.4578460277681,10.4578507098324
9,3,2,264,53.52326,10.02123,8.426417,12.3326236357308,12.332623848866,12.3326459444924
9,3,2,265,53.52326,10.02123,10.835,13.8778421934814,13.8778429187278,13.8778383966901
9,3,2,266,53.52326,10.02123,13.51083,14.120552631371,14.1205527867285,14.1205491774625
9,3,2,267,53.52326,10.02123,4.285625,8.47070193885116,8.47070193370996,8.47069742800173
9,3,2,270,53.52326,10.02123,3.69775,6.36109069764811,6.36109157321002,6.36109162751145
9,3,2,271,53.52326,10.02123,6.972833,10.8922198866603,10.8922197882102,10.8922201787266
9,3,2,273,53.52326,10.02123,3.036375,5.46911547415118,5.46911527397364,5.46911663271879
9,3,2,274,53.52326,10.02123,9.147542,9.26355263396719,9.2635528333096,9.26355127309439
9,4,2,246,53.52326,10.02123,12.52725,12.4886714366908,12.4886709947974,12.4886713042838
9,4,2,248,53.52326,10.02123,16.15554,18.5241360681584,18.5241359907006,18.5241339091316
9,4,2,249,53.52326,10.02123,16.31833,17.2245634825237,17.2245639583363,17.2245626192021
9,4,2,250,53.52326,10.02123,11.67071,13.264475303999,13.2644757039759,13.2644746714659
9,4,2,251,53.52326,10.02123,9.616875,11.0706586512224,11.0706593862337,11.0706656886329
9,4,2,252,53.52326,10.02123,4.02475,6.38225338087962,6.38225479260924,6.38225542604182
9,4,2,253,53.52326,10.02123,8.402833,8.01938512479519,8.01938666421947,8.01938734783242
9,4,2,255,53.52326,10.02123,3.339458,1.23105905769864,1.23105995257011,1.23105128972062
9,4,2,257,53.52326,10.02123,3.500167,4.51244973468998,4.51245057372117,4.51245319895342
9,4,2,258,53.52326,10.02123,3.447542,3.74326056632126,3.74326149207243,3.74326150837655
9,4,2,261,53.52326,10.02123,7.830625,9.5016146826914,9.50161377647026,9.50161451151993
9,4,2,262,53.52326,10.02123,15.25283,18.4012584730988,18.401257540023,18.4012677488058
9,4,2,263,53.52326,10.02123,8.595333,10.4578464301191,10.4578460277681,10.4578507098324
9,4,2,264,53.52326,10.02123,8.426417,12.3326236357308,12.332623848866,12.3326459444924
9,4,2,265,53.52326,10.02123,10.835,13.8778421934814,13.8778429187278,13.8778383966901
9,4,2,266,53.52326,10.02123,13.51083,14.120552631371,14.1205527867285,14.1205491774625
9,4,2,267,53.52326,10.02123,4.285625,8.47070193885116,8.47070193370996,8.47069742800173
9,4,2,270,53.52326,10.02123,3.69775,6.36109069764811,6.36109157321002,6.36109162751145
9,4,2,271,53.52326,10.02123,6.972833,10.8922198866603,10.8922197882102,10.8922201787266
9,4,2,273,53.52326,10.02123,3.036375,5.46911547415118,5.46911527397364,5.46911663271879
9,4,2,274,53.52326,10.02123,9.147542,9.26355263396719,9.2635528333096,9.26355127309439
10,1,2,276,53.52326,10.02123,8.288417,7.94852019195475,7.94852099288422,7.94851414231603
10,1,2,277,53.52326,10.02123,11.79504,15.0257993931898,15.0258002663571,15.0257980833602
10,1,2,278,53.52326,10.02123,14.24988,16.7834061368388,16.7834069868349,16.783413136241
10,1,2,279,53.52326,10.02123,17.03554,18.9071037863562,18.9071046101474,18.9070982580008
10,1,2,281,53.52326,10.02123,3.619917,4.01394151289485,4.01394206069685,4.01393799789057
10,1,2,282,53.52326,10.02123,7.29225,6.80457613771573,6.80457670461267,6.80457959988399
10,1,2,283,53.52326,10.02123,3.968708,6.48515465616093,6.48515512156486,6.48515323739811
10,1,2,284,53.52326,10.02123,7.253,8.85055059524419,8.85055107581348,8.85055434988255
10,1,2,285,53.52326,10.02123,3.23825,4.8929187033537,4.89291903951231,4.89291317530558
10,1,2,286,53.52326,10.02123,9.665833,12.9756464283633,12.9756468901833,12.9756514485548
10,1,2,287,53.52326,10.02123,9.96575,12.0825229446804,12.0825233485029,12.0825187814721
10,1,2,288,53.52326,10.02123,10.09996,12.5691799820025,12.5691804377126,12.5691755835859
10,1,2,289,53.52326,10.02123,8.232958,10.1121969491652,10.1121974411166,10.112199119765
10,1,2,291,53.52326,10.02123,3.4975,2.73963077004298,2.73963136253247,2.73963112883092
10,1,2,292,53.52326,10.02123,4.885542,8.98297464567493,8.98297547281949,8.98298298329973
10,1,2,293,53.52326,10.02123,7.386417,7.08296455830923,7.08296546194286,7.08296385445377
10,1,2,296,53.52326,10.02123,7.677333,9.80642124120707,9.80642259237631,9.80641689300622
10,1,2,298,53.52326,10.02123,13.108,11.7621442528853,11.7621458714038,11.7621402577491
10,1,2,299,53.52326,10.02123,14.38583,16.3481207628252,16.34812253964,16.3481200136347
10,1,2,300,53.52326,10.02123,10.30833,10.2343957017253,10.2343974319675,10.234389804212
10,1,2,301,53.52326,10.02123,4.879583,6.52580866064021,6.52581035880249,6.52580493318168
10,1,2,302,53.52326,10.02123,7.632917,13.7205697644724,13.7205715199286,13.7205677233
10,1,2,303,53.52326,10.02123,13.09625,18.1683721331933,18.1683738848807,18.1683690469775
10,1,2,304,53.52326,10.02123,9.648333,10.1476748369154,10.1476763937548,10.1476695508179
10,1,2,305,53.52326,10.02123,6.457083,5.92044374312064,5.92044515706817,5.92044159928286
10,2,2,276,53.52326,10.02123,8.288417,7.94852031825548,7.9485210517155,7.94851415213715
10,2,2,277,53.52326,10.02123,11.79504,15.0257994642666,15.0258005146613,15.025798077078
10,2,2,278,53.52326,10.02123,14.24988,16.783406112835,16.7834071491624,16.7834130775717
10,2,2,279,53.52326,10.02123,17.03554,18.9071038063621,18.9071048804699,18.9070982196874
10,2,2,281,53.52326,10.02123,3.619917,4.01394130540542,4.0139414823575,4.01393799278347
10,2,2,282,53.52326,10.02123,7.29225,6.80457578361425,6.80457612884052,6.80457963278408
10,2,2,283,53.52326,10.02123,3.968708,6.48515434212081,6.48515453230046,6.48515320610056
10,2,2,284,53.52326,10.02123,7.253,8.85055023595894,8.85055057941947,8.85055439311005
10,2,2,285,53.52326,10.02123,3.23825,4.89291843670737,4.89291843083243,4.8929131189608
10,2,2,286,53.52326,10.02123,9.665833,12.975646151905,12.9756466524886,12.9756514789199
10,2,2,287,53.52326,10.02123,9.96575,12.0825228206704,12.0825231968132,12.0825187456834
10,2,2,288,53.52326,10.02123,10.09996,12.5691799058479,12.5691803909057,12.5691755898163
10,2,2,289,53.52326,10.02123,8.232958,10.1121968667902,10.1121973049324,10.1121991329896
10,2,2,291,53.52326,10.02123,3.4975,2.73963076585065,2.73963101917183,2.73963115751759
10,2,2,292,53.52326,10.02123,4.885542,8.98297465541428,8.98297541329097,8.98298307265689
10,2,2,293,53.52326,10.02123,7.386417,7.08296467384853,7.08296537679642,7.08296388015589
10,2,2,296,53.52326,10.02123,7.677333,9.80642139721225,9.8064225362424,9.80641686463947
10,2,2,298,53.52326,10.02123,13.108,11.7621443319321,11.7621457610206,11.7621402417929
10,2,2,299,53.52326,10.02123,14.38583,16.348120791771,16.3481225642505,16.3481200469298
10,2,2,300,53.52326,10.02123,10.30833,10.2343956916735,10.2343971426335,10.2343898058789
10,2,2,301,53.52326,10.02123,4.879583,6.52580857344384,6.52580983839482,6.52580492815644
10,2,2,302,53.52326,10.02123,7.632917,13.7205697068013,13.7205713180474,13.7205677166402
10,2,2,303,53.52326,10.02123,13.09625,18.1683721106838,18.168373919192,18.1683690533539
10,2,2,304,53.52326,10.02123,9.648333,10.1476747910398,10.1476761039895,10.1476695396588
10,2,2,305,53.52326,10.02123,6.457083,5.92044364453272,5.92044470551101,5.9204416142329
10,3,2,276,53.52326,10.02123,8.288417,7.94852031825548,7.9485210517155,7.94851415213715
10,3,2,277,53.52326,10.02123,11.79504,15.0257994642666,15.0258005146613,15.025798077078
10,3,2,278,53.52326,10.02123,14.24988,16.783406112835,16.7834071491624,16.7834130775717
10,3,2,279,53.52326,10.02123,17.03554,18.9071038063621,18.9071048804699,18.9070982196874
10,3,2,281,53.52326,10.02123,3.619917,4.01394130540542,4.0139414823575,4.01393799278347
10,3,2,282,53.52326,10.02123,7.29225,6.80457578361425,6.80457612884052,6.80457963278408
10,3,2,283,53.52326,10.02123,3.968708,6.48515434212081,6.48515453230046,6.48515320610056
10,3,2,284,53.52326,10.02123,7.253,8.85055023595894,8.85055057941947,8.85055439311005
10,3,2,285,53.52326,10.02123,3.23825,4.89291843670737,4.89291843083243,4.8929131189608
10,3,2,286,53.52326,10.02123,9.665833,12.975646151905,12.9756466524886,12.9756514789199
10,3,2,287,53.52326,10.02123,9.96575,12.0825228206704,12.0825231968132,12.0825187456834
10,3,2,288,53.52326,10.02123,10.09996,12.5691799058479,12.5691803909057,12.5691755898163
10,3,2,289,53.52326,10.02123,8.232958,10.1121968667902,10.1121973049324,10.1121991329896
10,3,2,291,53.52326,10.02123,3.4975,2.73963076585065,2.73963101917183,2.73963115751759
10,3,2,292,53.52326,10.02123,4.885542,8.98297465541428,8.98297541329097,8.98298307265689
10,3,2,293,53.52326,10.02123,7.386417,7.08296467384853,7.08296537679642,7.08296388015589
10,3,2,296,53.52326,10.02123,7.677333,9.80642139721225,9.8064225362424,9.80641686463947
10,3,2,298,53.52326,10.02123,13.108,11.7621443319321,11.7621457610206,11.7621402417929
10,3,2,299,53.52326,10.02123,14.38583,16.348120791771,16.3481225642505,16.3481200469298
10,3,2,300,53.52326,10.02123,10.30833,10.2343956916735,10.2343971426335,10.2343898058789
10,3,2,301,53.52326,10.02123,4.879583,6.52580857344384,6.52580983839482,6.52580492815644
10,3,2,302,53.52326,10.02123,7.632917,13.7205697068013,13.7205713180474,13.7205677166402
10,3,2,303,53.52326,10.02123,13.09625,18.1683721106838,18.168373919192,18.1683690533539
10,3,2,304,53.52326,10.02123,9.648333,10.1476747910398,10.1476761039895,10.1476695396588
10,3,2,305,53.52326,10.02123,6.457083,5.92044364453272,5.92044470551101,5.9204416142329
10,4,2,276,53.52326,10.02123,8.288417,7.94852031825548,7.9485210517155,7.94851415213715
10,4,2,277,53.52326,10.02123,11.79504,15.0257994642666,15.0258005146613,15.025798077078
10,4,2,278,53.52326,10.02123,14.24988,16.783406112835,16.7834071491624,16.7834130775717
10,4,2,279,53.52326,10.02123,17.03554,18.9071038063621,18.9071048804699,18.9070982196874
10,4,2,281,53.52326,10.02123,3.619917,4.01394130540542,4.0139414823575,4.01393799278347
10,4,2,282,53.52326,10.02123,7.29225,6.80457578361425,6.80457612884052,6.80457963278408
10,4,2,283,53.52326,10.02123,3.968708,6.48515434212081,6.48515453230046,6.48515320610056
10,4,2,284,53.52326,10.02123,7.253,8.85055023595894,8.85055057941947,8.85055439311005
10,4,2,285,53.52326,10.02123,3.23825,4.89291843670737,4.89291843083243,4.8929131189608
10,4,2,286,53.52326,10.02123,9.665833,12.975646151905,12.9756466524886,12.9756514789199
10,4,2,287,53.52326,10.02123,9.96575,12.0825228206704,12.0825231968132,12.0825187456834
10,4,2,288,53.52326,10.02123,10.09996,12.5691799058479,12.5691803909057,12.5691755898163
10,4,2,289,53.52326,10.02123,8.232958,10.1121968667902,10.1121973049324,10.1121991329896
10,4,2,291,53.52326,10.02123,3.4975,2.73963076585065,2.73963101917183,2.73963115751759
10,4,2,292,53.52326,10.02123,4.885542,8.98297465541428,8.98297541329097,8.98298307265689
10,4,2,293,53.52326,10.02123,7.386417,7.08296467384853,7.08296537679642,7.08296388015589
10,4,2,296,53.52326,10.02123,7.677333,9.80642139721225,9.8064225362424,9.80641686463947
10,4,2,298,53.52326,10.02123,13.108,11.7621443319321,11.7621457610206,11.7621402417929
10,4,2,299,53.52326,10.02123,14.38583,16.348120791771,16.3481225642505,16.3481200469298
10,4,2,300,53.52326,10.02123,10.30833,10.2343956916735,10.2343971426335,10.2343898058789
10,4,2,301,53.52326,10.02123,4.879583,6.52580857344384,6.52580983839482,6.52580492815644
10,4,2,302,53.52326,10.02123,7.632917,13.7205697068013,13.7205713180474,13.7205677166402
10,4,2,303,53.52326,10.02123,13.09625,18.1683721106838,18.168373919192,18.1683690533539
10,4,2,304,53.52326,10.02123,9.648333,10.1476747910398,10.1476761039895,10.1476695396588
10,4,2,305,53.52326,10.02123,6.457083,5.92044364453272,5.92044470551101,5.9204416142329
11,1,2,306,53.52326,10.02123,8.89375,11.0579671199479,11.0579669698954,11.0579678098549
11,1,2,307,53.52326,10.02123,3.425417,5.59116618274844,5.59116607499152,5.59117018700786
11,1,2,311,53.52326,10.02123,19.25708,25.4849457963122,25.4849453894434,25.4849509258512
11,1,2,312,53.52326,10.02123,16.31333,21.1713869546569,21.1713865449384,21.1713944332389
11,1,2,313,53.52326,10.02123,19.18375,22.2501804135177,22.2501799830991,22.2501828968834
11,1,2,314,53.52326,10.02123,25.27333,30.7816666028098,30.7816661019554,30.7816728776392
11,1,2,315,53.52326,10.02123,27.64542,30.2354933242488,30.2354927675229,30.2354986134547
11,1,2,316,53.52326,10.02123,16.53583,18.6791893802657,18.6791890593496,18.6791899857447
11,1,2,317,53.52326,10.02123,9.489167,11.9746316078115,11.9746314146348,11.9746316421961
11,1,2,320,53.52326,10.02123,7.201667,9.47474914792238,9.47474903639841,9.47475059952666
11,1,2,321,53.52326,10.02123,2.452917,4.88170636465031,4.88170628480457,4.8817077158112
11,1,2,325,53.52326,10.02123,12.56542,14.8553744498654,14.8553742068532,14.8553717467035
11,1,2,326,53.52326,10.02123,8.0925,9.64753319949087,9.64753297666171,9.64753562700007
11,1,2,327,53.52326,10.02123,12.29375,13.8032255012876,13.8032252644627,13.8032253038993
11,1,2,329,53.52326,10.02123,8.07375,9.24213771551096,9.24213759060252,9.24214662696232
11,1,2,333,53.52326,10.02123,9.369167,13.1705907197109,13.1705905133269,13.1705940031242
11,1,2,334,53.52326,10.02123,10.11833,12.6748743324289,12.6748740922682,12.6748774490622
11,2,2,306,53.52326,10.02123,8.89375,11.0578765227889,11.0578763923549,11.05787727531
11,2,2,307,53.52326,10.02123,3.425417,5.59128972149746,5.59128962798997,5.59129381250247
11,2,2,311,53.52326,10.02123,19.25708,25.484723283494,25.4847229228147,25.4847285304252
11,2,2,312,53.52326,10.02123,16.31333,21.1713213979213,21.1713210308175,21.1713290611181
11,2,2,313,53.52326,10.02123,19.18375,22.2499925503945,22.2499921650079,22.249995171302
11,2,2,314,53.52326,10.02123,25.27333,30.7814421887006,30.7814417485302,30.7814487710716
11,2,2,315,53.52326,10.02123,27.64542,30.2353402979374,30.2353398005345,30.2353455587957
11,2,2,316,53.52326,10.02123,16.53583,18.6792594496852,18.67925917089,18.679260327682
11,2,2,317,53.52326,10.02123,9.489167,11.9746741571767,11.9746739903324,11.9746743470939
11,2,2,320,53.52326,10.02123,7.201667,9.4748505113636,9.47485041839667,9.47485211609927
11,2,2,321,53.52326,10.02123,2.452917,4.88163887836913,4.88163880905714,4.8816403417231
11,2,2,325,53.52326,10.02123,12.56542,14.855508204526,14.855507988209,14.8555054294717
11,2,2,326,53.52326,10.02123,8.0925,9.64746364468172,9.64746344572218,9.64746619743866
11,2,2,327,53.52326,10.02123,12.29375,13.8030681204452,13.8030679112608,13.8030679499616
11,2,2,329,53.52326,10.02123,8.07375,9.24218316446986,9.24218305872215,9.24219231706131
11,2,2,333,53.52326,10.02123,9.369167,13.1705676501783,13.1705674676465,13.1705709773475
11,2,2,334,53.52326,10.02123,10.11833,12.6747639074795,12.6747636930576,12.6747671293894
11,3,2,306,53.52326,10.02123,8.89375,11.0578765406643,11.0578763896029,11.0578771427255
11,3,2,307,53.52326,10.02123,3.425417,5.59128973558008,5.59128962950713,5.59129387197373
11,3,2,311,53.52326,10.02123,19.25708,25.4847233466052,25.484722933841,25.4847284448628
11,3,2,312,53.52326,10.02123,16.31333,21.1713214887733,21.1713210740236,21.1713291105039
11,3,2,313,53.52326,10.02123,19.18375,22.2499926439708,22.2499922073754,22.2499951329359
11,3,2,314,53.52326,10.02123,25.27333,30.7814423142084,30.781441808358,30.7814486294485
11,3,2,315,53.52326,10.02123,27.64542,30.2353403125182,30.2353397516732,30.2353455292854
11,3,2,316,53.52326,10.02123,16.53583,18.6792595628837,18.6792592402769,18.6792602230203
11,3,2,317,53.52326,10.02123,9.489167,11.9746742039659,11.9746740111705,11.9746742160411
11,3,2,320,53.52326,10.02123,7.201667,9.47485054056827,9.47485043037682,9.47485197347362
11,3,2,321,53.52326,10.02123,2.452917,4.88163890624419,4.8816388268997,4.88164027074994
11,3,2,325,53.52326,10.02123,12.56542,14.8555082179209,14.855507970117,14.8555053217027
11,3,2,326,53.52326,10.02123,8.0925,9.64746371358724,9.64746348880823,9.64746626274557
11,3,2,327,53.52326,10.02123,12.29375,13.8030681531026,13.8030679133883,13.8030679040339
11,3,2,329,53.52326,10.02123,8.07375,9.2421832139451,9.24218309055412,9.24219234126382
11,3,2,333,53.52326,10.02123,9.369167,13.170567661332,13.1705674528602,13.1705709243076
11,3,2,334,53.52326,10.02123,10.11833,12.6747639631385,12.6747637199991,12.6747671217592
11,4,2,306,53.52326,10.02123,8.89375,11.0578765406643,11.0578763896029,11.0578771427255
11,4,2,307,53.52326,10.02123,3.425417,5.59128973558008,5.59128962950713,5.59129387197373
11,4,2,311,53.52326,10.02123,19.25708,25.4847233466052,25.484722933841,25.4847284448628
11,4,2,312,53.52326,10.02123,16.31333,21.1713214887733,21.1713210740236,21.1713291105039
11,4,2,313,53.52326,10.02123,19.18375,22.2499926439708,22.2499922073754,22.2499951329359
11,4,2,314,53.52326,10.02123,25.27333,30.7814423142084,30.781441808358,30.7814486294485
11,4,2,315,53.52326,10.02123,27.64542,30.2353403125182,30.2353397516732,30.2353455292854
11,4,2,316,53.52326,10.02123,16.53583,18.6792595628837,18.6792592402769,18.6792602230203
11,4,2,317,53.52326,10.02123,9.489167,11.9746742039659,11.9746740111705,11.9746742160411
11,4,2,320,53.52326,10.02123,7.201667,9.47485054056827,9.47485043037682,9.47485197347362
11,4,2,321,53.52326,10.02123,2.452917,4.88163890624419,4.8816388268997,4.88164027074994
11,4,2,325,53.52326,10.02123,12.56542,14.8555082179209,14.855507970117,14.8555053217027
11,4,2,326,53.52326,10.02123,8.0925,9.64746371358724,9.64746348880823,9.64746626274557
11,4,2,327,53.52326,10.02123,12.29375,13.8030681531026,13.8030679133883,13.8030679040339
11,4,2,329,53.52326,10.02123,8.07375,9.2421832139451,9.24218309055412,9.24219234126382
11,4,2,333,53.52326,10.02123,9.369167,13.170567661332,13.1705674528602,13.1705709243076
11,4,2,334,53.52326,10.02123,10.11833,12.6747639631385,12.6747637199991,12.6747671217592
